albumID,artistID
6675,2245
6133,1962
6167,3532
7244,2173
2462,1455
3372,2430
5710,1041
2765,2661
7368,1421
6366,1611
3422,975
7446,2509
2573,3659
5959,735
3407,3296
1685,487
4159,716
2751,1679
6431,3174
2565,765
5758,2142
5823,2042
5446,106
6950,2197
2226,3672
4750,2702
2019,1127
3145,2895
6297,1790
5729,2501
5063,2640
7439,1543
6336,698
6826,562
7386,899
2310,2215
1090,785
5042,258
6399,1922
2596,3740
1655,1725
636,1517
3688,1723
6840,618
3149,2906
5188,2941
3765,1677
5981,2577
5014,3579
1886,611
2355,3799
6063,926
4067,3476
2257,1012
366,875
5225,3762
4815,1649
508,3439
2867,712
869,1203
5187,2689
3761,925
5894,2285
3444,3204
6243,749
422,1157
5787,883
4555,2368
2640,2591
6236,709
5800,1347
1887,3522
3055,1005
7043,2616
6480,2395
2056,3600
473,132
2030,201
2243,3692
4120,2911
5485,1312
6443,527
3953,2505
2745,2132
2456,3692
6324,17
6788,646
4990,1491
848,1628
6362,3692
6248,409
847,1928
5148,3245
7304,2670
210,2768
2419,1679
4335,863
1929,805
3536,1183
6064,3338
2029,2140
424,145
3560,2937
6855,1881
684,2930
823,1059
7254,3320
4747,928
1244,823
2635,3303
3750,1004
5610,2730
4412,1059
2817,1738
2727,3242
5027,3318
6498,1886
2790,1312
1477,3626
5701,3033
1896,2038
3026,3245
1219,2055
4944,58
1518,365
4228,376
232,2553
132,1383
4824,3110
990,1414
2485,568
1382,1938
6640,141
4538,3692
890,3169
6302,1021
7210,607
3550,2999
6573,3470
1988,3037
3647,1390
2275,1818
6007,1517
5122,306
3434,3726
3021,3328
3279,1637
1079,681
2307,3692
6252,2718
5335,306
5243,3457
191,1158
3645,1852
1862,3692
5174,2051
2595,3048
6041,3851
2481,3212
1805,677
4630,3644
5768,3692
1700,2354
380,3201
1462,725
3007,2211
6381,1448
3868,3671
3880,793
6848,1328
2550,3692
6472,2209
4373,3843
6706,2147
197,949
2728,3698
6775,1752
3925,1209
4871,1841
6526,230
1699,2250
5276,843
320,2224
4318,93
7460,2730
2043,1501
155,1110
2318,3692
5752,728
4050,49
6130,122
7274,2725
1600,1840
2460,1008
3452,1002
3381,2290
586,3403
5642,2640
6843,1576
7008,1909
3637,1923
516,1883
7410,2855
5811,2597
1633,3306
682,603
7211,2911
3488,3291
4324,3792
946,2110
4203,2748
3513,315
300,3692
1192,301
1884,2780
7452,1926
2261,3255
1348,1982
2258,217
620,3000
5826,1013
4601,1454
3396,561
1378,3029
4883,1517
6975,661
3578,3692
2939,3476
1263,1012
640,1787
5877,1328
555,1420
3991,74
1571,310
7087,1289
2123,823
2563,1095
1195,962
2989,3418
7173,3692
5763,2367
6116,1502
5431,3614
4667,2464
6621,2132
3431,3012
1347,3692
1679,2216
7321,1348
6455,2365
2360,399
5235,2921
1057,1415
6277,1312
2693,2265
1891,823
5313,1757
3052,3595
3016,932
3367,223
7341,1411
4139,2466
2826,3023
3196,1802
1138,1488
7203,3692
2851,2787
5671,455
982,2934
6192,1618
1389,2009
5986,695
3637,2191
2274,2402
6912,1126
7086,1013
4398,303
4074,3589
680,1670
1588,1027
5662,3092
6987,374
3950,1725
5115,1004
1916,3754
1503,2124
6752,736
5816,297
7022,2317
2474,1012
1309,2487
1998,1019
4347,499
2712,2991
7134,693
6342,464
5762,1875
5677,3457
5150,3711
1273,3365
6932,680
7267,404
6135,2736
2073,910
4137,2732
1247,2036
6562,2988
2984,3692
2547,722
6814,1748
3118,3692
4900,2610
6610,1689
7470,2318
1250,3209
2801,3692
1274,2785
1552,1975
4167,2328
3102,543
192,3167
2647,902
2965,3692
7459,974
3280,2535
2557,2140
1100,3692
40,2480
7416,1277
6977,2627
4644,2145
3601,3758
6868,1179
3062,1265
3939,1538
4524,2228
3641,1881
4219,3807
2311,808
494,3589
4807,42
3491,890
7068,944
4946,2860
2731,2828
1344,2224
284,1012
2469,2562
146,3293
6901,3692
3141,1945
6954,549
4211,132
1470,2565
2308,695
2721,1093
6349,2132
1637,1924
3318,2251
3595,839
1843,1763
3919,2885
2690,2130
723,3166
6616,3829
6958,3529
3145,2710
5239,2681
4349,3112
3134,1797
4408,3692
1806,2231
4628,3466
7472,2474
5660,1398
1356,2934
2373,2049
1154,3473
1061,1067
5973,582
4821,1013
4924,2683
6264,502
1360,2531
7387,2228
188,2081
6287,634
5361,1637
2038,645
3311,1672
1275,2837
6543,1728
4024,561
6491,3258
5109,3752
7330,3535
2273,663
6617,1384
137,2910
615,3437
3388,993
4747,1306
2207,3692
173,1291
3617,2250
5659,1573
382,876
449,2623
4920,2173
5004,1312
360,299
3785,2507
5579,2223
3223,2740
7003,3419
5652,486
5810,1826
312,1692
2227,3418
3435,1347
7337,1723
2584,3692
3138,3046
347,932
3110,2984
3184,947
6986,1385
6463,1869
2507,210
1782,3418
6094,3692
118,779
4488,2492
4209,862
4195,2913
3393,3457
6885,407
3913,2382
4178,3848
7120,3428
7406,3785
2344,2784
58,1300
2107,2548
5995,20
6899,692
4148,1646
4001,2616
6023,1021
6157,1250
6603,1596
6408,603
3814,3692
3205,201
763,2930
6031,1555
5974,1021
1113,2225
755,302
6704,1769
6790,1809
262,369
2086,2502
6764,2345
4382,3102
4263,1461
3855,175
1312,75
3843,2070
4579,3387
5689,2730
3319,609
882,1430
2520,1158
6681,482
3680,3705
6390,1730
5001,2972
3664,2943
1962,1510
4316,2640
6888,3175
1134,3573
6846,3178
7305,3692
4270,3692
2649,3379
2988,3599
4125,1059
1838,2908
2304,2149
5007,3433
4833,1065
1579,698
3159,1616
110,927
1959,1104
1564,3692
6738,1258
5600,1853
5878,1797
7147,2594
555,3650
7026,2304
6128,2911
2698,3779
67,1846
4847,3457
3004,816
4642,544
5297,1936
1713,903
2599,2982
5111,1517
1969,2586
3565,2546
595,2904
483,2205
7260,2363
462,3314
2504,3095
4806,1820
275,455
2957,862
5149,2159
3098,2558
6947,856
7389,1955
7172,3418
4223,681
831,1841
1624,3692
1865,1832
939,2835
4664,3578
5801,1038
1763,1555
2900,3216
546,1857
6804,1975
2349,1881
6733,3492
6158,3261
4045,3011
6832,502
1575,3692
4246,1725
3662,1674
3798,286
613,1739
1759,2725
6703,738
5693,838
283,2278
3383,3198
3801,3445
6769,45
788,1218
3160,2860
4120,2673
7110,1735
1031,3605
4140,2093
2137,1715
5676,3234
6032,2640
4879,2432
4548,2827
5035,2945
1251,2790
5984,2340
2276,3752
6212,2692
1098,1272
755,2330
4444,410
7193,2564
4144,2858
4389,2137
5855,361
2023,3427
5433,1126
5797,1551
7457,1038
81,2012
4774,931
3873,3159
4205,1683
2281,1857
1277,1220
1455,3212
2786,3692
1683,1615
7189,1115
3073,487
6222,1299
3214,3351
3400,1555
6015,1723
4468,1396
7257,468
5493,2092
4751,1455
5093,2616
3474,3692
1380,3684
6270,3181
2328,2211
1737,3433
7040,884
3949,3167
685,1358
5442,2248
4537,1122
1386,1405
6119,918
2992,3773
2878,2210
5321,2860
6234,2598
4362,3457
2772,2494
3006,446
1051,3522
2886,1024
3598,1489
3605,2431
3639,3476
136,3371
958,1722
2859,103
7212,415
4799,1364
5151,1523
4748,2567
6487,2081
5236,3324
5282,1454
757,392
1011,3692
3168,2965
840,1595
4521,3692
5003,763
5163,715
780,1958
3084,1281
6929,103
1175,2487
345,1737
6551,682
6991,3169
7344,318
6228,406
1240,3003
3656,1564
2467,1699
7286,727
641,2674
6599,1517
1559,2719
2686,3692
611,1748
2949,2116
2588,2110
5641,2689
4834,903
3946,2198
2702,411
7454,432
3112,3692
961,3187
4722,1372
1339,743
1074,3212
2667,3692
2901,3630
6411,2462
414,695
1288,1451
3321,3169
2663,3169
3826,1584
2241,3705
5546,1122
5689,1430
4207,2215
6053,889
4320,2092
901,638
3778,1809
1964,1855
7211,1855
2956,2640
532,542
1357,2611
3051,2877
6647,995
2264,2763
2639,1886
1908,1438
7109,2517
5636,907
1533,2958
468,1402
3401,3111
2566,1263
4326,1920
600,3692
5039,3253
6505,3692
7377,174
6630,2640
3502,426
6155,132
3792,1168
6536,2453
3432,2582
7047,2928
5926,3692
6358,1134
2966,2257
4614,2444
7243,3742
219,2135
630,3692
4676,2275
1338,2466
5976,1190
6776,1768
6228,3131
6962,3621
868,487
7122,3573
3263,2372
3531,1369
1927,3211
6794,2990
3181,1027
1935,362
3541,2996
3634,3187
3962,2760
3695,201
4073,3759
2376,2441
6347,2651
3490,2132
5990,1330
983,2480
1754,2394
7225,3334
4775,2001
3541,902
24,862
5142,2926
6255,2015
6083,511
5515,993
2526,1338
5645,2500
1242,2367
6567,560
2440,3220
4102,1319
4463,544
1486,1946
7179,2521
5553,1864
5207,3213
978,3196
7275,14
1284,499
6292,2203
21,1853
5804,2156
6781,2367
3758,1667
5033,2767
6257,2855
6262,755
2103,3692
6583,3025
2472,3037
4034,1427
3747,1922
7255,2142
405,688
606,678
2171,1059
939,1790
1481,1844
6923,2837
7300,609
1525,3836
3882,511
4290,1797
2531,584
5543,2357
5453,3861
6936,1729
3326,1461
1755,1036
4158,2257
4330,1317
2981,2
4724,453
2263,3169
1156,1616
4033,2787
5290,2298
1577,1380
2845,1538
4154,2259
5728,3692
704,3212
4414,614
4958,512
2497,3457
4957,3522
5370,2937
2393,2353
3699,3557
5435,3820
4942,3133
3457,3206
2476,3519
2306,1381
7154,918
1968,339
6307,716
5106,1551
1554,2951
4544,3245
7297,2623
4888,1328
3542,3169
2793,1132
1695,3600
5277,1783
1402,49
4881,1554
3957,1169
6928,1450
1625,1555
3003,2110
6038,1652
888,996
2968,840
1319,3434
5137,2419
4626,1449
2788,3353
7456,2508
2502,781
3526,3053
5489,3773
4754,1863
5590,2135
1142,2754
2914,2711
2326,1723
3508,2632
860,3041
595,1309
507,1196
1663,884
5128,505
7352,1754
2916,3659
5391,2312
6456,2407
1395,2503
951,311
3752,2884
4922,2507
106,973
6594,1065
4513,3211
3770,3692
1495,2855
3302,1372
2295,3433
122,2149
3802,1429
4269,1538
1832,2396
4554,475
104,2482
152,981
2953,2773
7316,3507
7373,1826
2885,1326
5629,3365
2623,1326
1102,2937
2549,3326
5945,3076
3371,3434
6858,2548
772,258
5526,648
2334,2391
3695,3531
4137,2415
5909,2372
2994,680
3708,1255
4358,3057
5679,863
5339,3158
2185,3170
447,848
4089,2788
1375,1086
434,2491
4214,1184
5458,2742
1852,903
1910,319
4506,3692
528,3028
3627,111
3317,1346
4633,1023
6114,2494
4908,733
6267,3261
16,638
3106,345
7208,1075
4981,3692
5108,1023
1792,3225
6219,1234
4329,2719
2720,3692
2346,778
3481,2329
7046,3083
750,983
7271,1252
2658,1538
1658,2592
2933,3692
5011,3692
6501,287
5268,1776
4301,2778
6476,1691
6033,3336
2083,3643
3298,299
5201,2661
2322,663
5543,1607
2014,2496
5374,2818
7411,2026
3612,3091
4049,3092
4940,2068
4183,1860
6731,52
2997,1475
2406,2993
6263,3101
4176,1857
4993,2079
6175,773
261,953
6147,2926
6322,1466
580,2921
659,3214
6970,455
349,2234
3105,3115
6405,188
5983,953
2545,3421
5835,789
2944,3692
7082,1864
1799,3833
906,3212
6068,1707
5815,1261
4531,341
4617,1576
3517,1194
4785,3375
4905,1979
4984,286
5419,2200
6298,1122
5792,496
6406,2870
1466,3027
6834,3051
2837,159
583,3353
5650,268
1434,190
2363,3659
6525,2417
6778,2634
6831,3692
1848,1227
3677,1489
6653,2868
6488,320
4436,3692
7115,2404
4477,3730
234,3586
6712,1196
3795,663
758,2014
3292,2257
5341,802
248,451
392,1139
6376,2186
5572,3852
5050,3218
1197,3229
6082,921
3069,680
5952,3026
1609,2944
6060,381
244,3082
4046,3291
6608,1381
5195,2037
675,3534
2490,3861
1165,3169
4155,3692
260,2797
4895,2004
7063,1961
6995,1009
3931,2257
3076,2911
3986,1375
4627,2869
911,1424
2945,361
4581,3692
4837,1137
3099,47
5695,3154
4766,2425
6643,2664
5096,839
3270,2080
6164,1912
5871,3316
242,3665
3453,1154
5373,1009
5653,1817
1358,692
3324,1683
731,567
841,173
4707,1535
1992,2937
5557,3691
1541,3001
7102,2437
5525,2921
6893,48
5253,18
7443,1912
4005,741
4237,44
6938,2450
6516,3215
3787,2733
3587,1396
1097,3145
2442,3523
866,3212
1563,171
6498,579
2752,3685
430,817
6278,17
5462,663
1555,3555
3967,691
3805,1861
6692,3683
5381,674
7342,3536
3689,1649
4697,3196
4093,49
3086,2110
3265,1358
2345,3832
7071,188
3903,827
5917,546
3255,3235
4411,479
1703,2271
2921,2837
3945,945
7327,2221
1618,1638
1217,1294
5107,3602
6486,824
5075,2566
1583,1802
2748,1081
509,426
571,3290
1805,188
6930,3460
5056,1506
7029,958
1944,239
5283,2902
3717,3050
4004,2060
4563,3744
3711,1249
1492,3232
1786,3450
7321,470
72,694
1994,2167
756,2531
1272,1135
6552,1541
6422,3417
4610,126
6193,2133
4587,3111
7382,2937
6969,553
7170,543
444,2794
4969,2395
3567,988
3429,1549
1524,3692
5416,1394
5366,1802
120,455
4318,893
861,3082
2905,1283
33,2967
4375,609
2434,1634
1446,2954
1551,1021
2760,1804
5718,1880
3558,1555
4979,2709
6806,2373
4567,1489
5255,1826
4749,1200
1070,3313
1983,1065
5309,1308
3564,1979
4684,2010
6674,3092
5400,2860
4409,499
4187,157
6540,1557
5103,3576
4206,3782
6571,1809
5087,2521
4395,3425
635,1678
6762,2279
4637,743
1417,2616
2208,3640
1967,2531
3375,1302
3663,3661
4353,2152
6075,531
6596,1465
3863,1507
51,1024
1066,3742
4175,2267
5436,3469
5861,2184
2726,1014
4126,3543
1674,3827
3947,1097
2784,201
1096,1635
818,644
5783,2466
6497,3041
1870,3658
3515,2342
4172,2383
285,1312
6375,1294
6779,2875
7145,1212
2162,2719
7425,3252
2253,1854
4761,3128
1991,622
5673,2190
7395,2326
6908,2696
4141,3154
5844,1025
4829,1047
7405,3687
5347,1158
754,1130
5182,3013
569,1313
3060,2943
4841,239
5978,1900
245,206
3027,551
3315,3169
2842,505
6044,3422
1042,715
572,1769
1269,1697
3182,2825
7270,1405
2614,2075
726,3404
834,951
4460,934
5071,822
784,312
3783,426
3344,1776
4208,1881
646,2593
6473,953
5501,820
4495,73
909,2414
4491,2583
1435,3692
6619,1946
486,2725
7217,2538
2548,1963
3744,555
3976,2110
3754,3000
4170,663
7119,1185
126,3092
2858,3616
4620,899
2596,3616
3980,953
5329,807
6965,1886
879,2548
903,919
1245,2871
3917,604
1135,30
1647,1602
7135,2482
4530,2295
1424,1301
3191,914
2239,2682
1399,1244
3109,286
280,2081
1691,369
4402,3692
87,2211
1095,981
6728,3528
7213,2257
4174,3010
7329,3637
7031,1499
2200,2582
2919,1515
1300,339
3742,1259
4874,2576
5904,3616
4321,1380
4691,3128
1578,2949
1648,2190
5119,313
1989,3651
4606,1485
6624,414
4738,621
2267,663
5613,2807
2132,438
1692,1334
3569,526
2614,2814
6576,2221
3188,2820
5151,2079
6974,2496
4517,221
6736,3378
4007,873
7250,3828
2971,1021
6128,2704
7408,509
618,3499
2664,312
7099,2383
2870,151
1109,3736
4698,2898
1704,913
3932,3624
6726,1054
4412,814
7290,2853
1498,1747
6350,3692
3029,1312
3921,1930
4062,1640
7028,1806
5500,260
3254,2369
5573,738
6011,2132
871,3692
715,2132
2371,157
4515,3692
6465,474
3583,945
6437,2132
5764,3544
37,1372
1501,947
4768,2273
391,1375
988,1365
5726,3703
246,728
1388,252
223,2959
3707,2822
2248,3096
4545,3692
4149,3692
5534,234
3204,1972
3563,2548
6364,957
6682,3747
7360,2413
5625,1557
2478,525
4955,5
2954,2211
6988,1723
5443,762
4109,2465
387,2959
3786,2189
6279,216
5296,419
1918,3692
4516,3462
5877,3848
7053,2993
5112,1049
4152,970
966,2198
5744,3211
7144,3525
3832,736
3952,1555
5242,1243
3715,2551
7039,735
6085,1905
4226,2474
329,981
4828,2808
3555,54
681,2372
2033,3692
5777,2462
3752,110
5409,80
4006,1158
1526,3595
1913,365
6751,1621
3576,3496
367,3609
1850,3692
5000,1723
6163,404
2290,3469
4186,981
6310,3312
6522,3491
5360,3692
2063,3692
5929,1405
743,863
3358,277
5589,2468
463,3438
7313,1216
3630,1638
4271,3132
1036,2024
4387,45
5132,953
4464,2480
808,1113
7036,3015
4808,1795
2483,1137
2684,3342
1285,1452
189,546
4497,1610
1210,46
5649,3579
946,1168
3835,3625
7299,3775
4737,3433
5688,3692
1667,2621
4117,692
6316,487
202,3531
4992,397
668,823
6669,1285
6361,1132
7240,54
60,2135
7295,1976
125,1298
6154,839
3893,425
3175,3821
6057,3121
1430,2277
3250,733
3981,3692
1921,2551
3719,3692
3061,3692
2681,2010
3414,841
4059,2565
5893,1414
2388,445
3501,3469
3494,312
4688,292
804,953
3533,11
728,2126
7280,476
6161,1084
6097,3580
6828,2567
1348,1053
2403,2675
5441,1963
883,953
5790,619
3283,2465
3887,1411
5931,1561
4926,56
3016,1855
2004,1623
3943,2245
4560,3611
592,1191
2209,2257
3208,3193
3050,3775
660,544
2455,862
6428,1441
672,1012
1548,188
3089,3659
5735,2157
5440,2505
4550,3165
4355,2926
3259,3023
5970,2670
6833,2550
520,3250
4525,3522
2272,2740
1678,15
692,738
1543,3762
5877,1809
1993,26
377,2797
1664,1773
2980,2911
5716,3554
4281,2236
5372,1529
6891,3292
4520,2252
812,1678
208,517
2122,823
1970,3169
2875,1289
4356,2531
2553,1009
1014,3246
1907,80
786,2335
3652,3317
2542,3745
5615,361
3094,2272
7017,3488
524,3503
6601,806
1055,3139
518,1968
4453,3487
965,213
1453,3414
1510,1733
1291,1137
1148,1088
4331,1777
4367,3420
3140,819
1895,3008
5876,3677
6533,3681
1111,2374
5864,1307
6442,3270
3351,3338
2411,1962
5979,2462
6817,1346
5841,2528
4607,1163
2676,661
2710,3692
2622,3579
3797,3280
767,1638
4586,3211
6972,1341
3295,1349
2679,851
259,3568
3667,2389
1657,1328
4129,1925
6051,3398
1558,568
6054,2649
59,1938
1642,3154
7428,1513
2889,2768
1425,712
3861,1881
6941,2334
7056,823
4681,2788
4378,306
3178,777
4198,604
6873,823
6393,1418
3658,2582
4971,2742
5750,494
4962,2922
6708,3644
3827,3293
6242,3585
2450,1391
621,2886
7381,1414
4511,1710
5670,3130
4168,2805
4825,823
1268,3865
6434,264
1002,484
5656,1919
4582,1775
3791,953
1982,3100
6662,1555
4000,80
3394,499
2025,932
4108,2242
4553,148
4914,127
7436,545
825,1322
2741,240
7214,3586
125,3836
7384,3768
7213,3361
5265,3444
5463,2934
3682,1962
4241,3646
650,688
3771,499
1080,2487
1656,3586
486,1748
1871,1296
4377,3692
6911,3706
3117,3092
3686,3020
6716,2447
2378,3692
563,103
4527,2589
411,3681
6111,997
2429,661
4949,3221
140,414
3419,2797
1234,3196
7228,2945
4504,326
7176,1213
5665,3283
2118,2317
6580,2801
321,3212
4318,2428
4449,2911
5771,1585
1459,3785
5101,2773
6144,140
1665,1675
4008,401
1301,1627
6253,312
492,1754
4069,1579
5295,2531
3994,1405
3959,3555
5588,3692
6010,2661
5648,2016
2494,2028
4125,814
6623,2861
3851,3692
4494,3835
5081,1151
2830,1425
1070,539
3255,2126
7197,1406
6293,2168
1468,2571
1581,1923
5880,3692
1819,519
7020,2389
6402,1293
5830,313
6479,493
2039,3676
6631,2284
2094,3383
1235,1407
4296,3153
3362,2760
1705,1063
3482,1364
4294,3228
3811,3754
5664,2387
172,2556
6992,1135
746,842
680,2703
3330,2663
6642,3237
7195,3157
6214,2238
3764,2366
247,377
1176,840
2475,1102
3196,2848
1494,2169
6451,1427
3725,196
607,1851
3162,985
7052,3522
1735,3692
7379,3099
6677,3581
4275,3457
724,2372
1732,3394
2967,1914
3942,544
1211,1184
2897,1855
3365,1960
3784,1126
904,2195
7058,3394
2024,2640
1924,3456
3199,1146
1996,1346
5917,981
318,270
3200,1748
1320,3692
1010,2483
3582,3247
3954,675
1335,2768
3243,3552
3269,572
4002,157
5179,2937
6746,1442
1181,2072
2657,947
5408,3211
2089,1429
2591,593
1619,1251
97,2637
3020,1938
2008,3692
6478,2566
5316,2575
3024,862
5998,2343
2068,444
2319,26
3685,1510
499,294
4714,2362
2448,1833
2909,2228
2558,3462
6577,451
5731,3692
4624,3600
1747,2954
632,823
4308,856
15,2581
230,2506
1393,1150
5552,3811
495,939
2458,198
4235,499
7378,3775
4964,150
1084,287
5910,2472
2818,1938
7412,619
3369,240
1514,2729
4809,3659
5896,3513
6584,3850
5474,2063
4987,1679
1062,2110
5972,1522
1880,1510
4678,816
6611,3845
2744,3692
1531,3204
5760,3709
5298,911
7157,1510
5016,3413
7296,1625
162,375
3732,12
3170,3692
4674,2400
2619,2357
1289,530
4558,239
4762,3681
775,3692
5782,327
7076,3692
2081,2681
6373,2983
5824,1492
2529,104
334,953
3462,3692
544,268
1366,871
7145,237
3528,259
3736,3406
1201,3692
7106,3692
5318,2973
6864,3112
1721,1220
6950,2132
4164,1116
7235,1069
3461,3588
5565,571
4350,3686
3644,1723
5184,3094
3224,1137
5517,2257
2157,474
4629,1300
5229,3547
2753,239
2747,690
7132,1183
3436,1666
6459,2137
77,1983
6345,803
1725,184
2621,3439
561,46
5672,2925
4641,1660
4937,2476
5935,1578
4959,774
5669,2102
6856,1665
7196,1733
3486,2318
2674,188
4532,1609
2950,2981
5658,3377
522,3659
1867,1822
5148,831
3451,2445
3342,3212
263,2846
5975,1219
489,1388
2010,2480
3895,3775
4575,2073
177,2284
4177,2966
6126,1573
7175,1135
3231,1516
6782,157
6426,2215
6462,3858
4977,962
5692,3159
688,1574
6383,532
5853,1535
2217,312
4276,3480
7049,3776
3222,770
6407,2057
643,232
5147,447
211,3692
6214,588
1607,1857
4561,3211
2489,1013
5488,1090
4259,2092
3357,1237
5031,622
2216,854
3458,1814
6200,2760
6363,1475
5884,3692
6244,1783
2357,2964
1837,1208
2814,665
424,1598
1508,1972
4844,917
5766,2424
6581,3805
707,903
4134,3
5725,3820
4293,2211
5384,3490
3008,2372
4305,2036
1750,687
4085,1538
7025,254
667,3692
5918,953
4598,1800
2191,1332
6963,544
5696,3240
4803,2205
823,189
3889,27
5311,1857
5916,2425
2604,868
3533,2351
4032,2412
2697,1032
4875,3626
7466,239
4412,189
703,3362
4106,1839
4646,3510
6867,2539
1368,3752
6504,272
7095,188
3322,3191
3850,607
4390,26
4035,2309
4754,1242
4260,2693
3489,564
2171,814
4233,3462
3514,99
1698,3748
7319,1774
6925,2372
1522,3522
1768,2006
6272,501
1299,2467
4546,431
564,2772
2228,3684
7143,2945
6004,457
922,1433
7236,140
7064,2837
7167,2255
6602,2483
5845,3029
2631,812
1208,2958
2866,1352
975,1969
1198,1489
6837,2730
3179,2751
4185,3700
1604,3345
1120,751
6735,3133
4782,657
5575,2508
3918,57
461,3266
2042,3692
5376,312
6392,3669
1311,1901
43,3692
5172,2010
5022,2480
4805,2482
3834,36
4823,2536
6036,2758
1249,1962
7054,526
7021,2564
5861,3400
3934,159
6408,2751
3041,2241
6797,348
4687,1564
3136,2744
5875,1470
1159,3092
5125,2140
1429,1640
4849,27
7201,2508
7418,3031
3247,481
2701,722
5746,3692
4004,874
5518,3010
5380,565
3539,774
2716,2952
1432,46
5120,3351
1324,3667
486,2531
3172,199
5776,3692
774,2934
1458,1617
6613,365
5410,565
7067,306
5602,2721
578,26
6194,152
5529,967
4710,2850
6403,1723
4274,2926
3916,1003
1896,981
7027,126
1180,1528
130,2761
880,778
5707,2141
1161,239
6718,3168
2936,2416
47,1679
3044,1195
1132,2921
213,2651
6849,3853
455,198
657,2776
6717,2421
6414,434
6045,2257
7,681
2242,2614
5511,337
6839,546
6648,1769
5832,2378
6658,1962
6866,945
6559,1431
5514,2742
2365,654
6967,1899
5924,2088
5492,2202
502,2730
2835,805
3750,3585
3440,619
5076,3684
2204,413
557,1390
3146,1569
7191,3751
5152,1464
7185,1196
4180,3519
4673,419
6705,1498
3816,1027
2236,1240
4988,430
1113,911
7312,3344
6959,3714
94,3443
2881,3378
4941,89
6565,2134
11,3674
6878,2594
2734,1638
2970,188
3838,3122
2016,1358
6159,2089
3800,386
4756,3692
6327,1444
351,2961
5079,2130
3902,3551
6073,3742
3612,2257
4029,101
7444,93
4732,1012
6872,2267
790,419
3288,3220
1987,2885
63,1110
6412,67
940,3598
6223,2760
5545,1650
1374,1086
634,1047
689,2969
2738,3692
7429,1784
4219,1635
5191,3754
2317,3820
6510,696
4352,2430
240,1012
7427,1859
3323,2517
1535,1569
2386,392
6744,3034
6341,1826
5821,2056
6920,981
5719,732
2009,792
6221,3114
4939,3021
2793,608
4594,1791
7152,176
2976,500
3213,147
3442,1956
3581,1068
4400,1925
534,2640
5319,3363
3973,2760
4801,404
1406,2047
4566,2752
6259,201
6976,256
2676,2022
5654,3245
148,2725
5794,2730
3691,2939
5231,2095
652,3692
4217,2460
5786,2088
5999,3135
6471,3588
5626,1052
533,2953
1740,3855
4314,70
5883,2142
809,84
5067,2751
5048,2509
127,1447
5333,3661
4767,2755
6816,1263
2072,3281
2777,2087
3031,1674
5751,158
5114,998
4210,3746
589,3585
663,3534
487,1093
1718,3355
6334,2549
2144,3692
3183,122
2986,3486
837,573
396,3082
4658,1778
2051,239
1088,3309
1306,499
3272,3210
768,1089
1611,88
4880,26
4434,205
5041,883
4191,447
5311,2464
1297,157
4572,3293
5680,2038
1783,2531
5009,1833
169,945
7118,392
201,2146
2963,361
6020,2860
7033,1782
4657,2613
6678,1325
6346,586
6711,2899
746,404
3605,2164
193,1652
6965,2257
339,3692
6481,1390
5802,543
2003,1608
2139,2435
5874,1880
2085,1152
290,3692
6143,2041
6067,474
6829,2746
1316,2075
6235,2273
158,1294
1369,918
6016,1182
369,3692
2564,3752
4899,2654
7037,682
6282,1072
738,3037
5285,3592
5395,2003
3781,2403
103,3169
5220,201
7317,1904
2362,1029
2439,3464
5467,2293
766,2466
4770,2624
124,1013
2142,2423
6084,1703
3883,2801
4075,756
7237,339
4685,3196
4621,3669
7217,2575
1816,159
450,661
6518,2345
6239,944
547,1991
1875,2954
6579,3752
4182,3743
5159,985
3330,2480
4773,3659
6306,1119
4042,3211
919,587
4165,2756
3568,2537
6883,3345
3741,2465
8,1080
3709,1429
6775,2536
277,3419
2918,3825
4334,2686
4415,1591
4416,2230
6062,1553
2903,26
5872,1429
2869,3825
1527,1466
5687,1612
744,2023
5907,3601
6427,604
6986,2288
4125,189
5097,3503
7198,252
7351,3692
5335,3789
5300,1095
1039,1769
3036,1844
4706,1524
14,3732
6944,2937
1209,2594
6284,1844
3927,2954
2572,1336
6882,1012
3253,1963
7023,2183
1050,736
1972,782
4336,385
2923,1041
3648,3660
6836,2478
7206,1257
1316,2814
2340,131
5533,3494
349,810
6574,2737
1513,618
403,1046
5697,1121
3121,3850
1075,392
6338,3140
6458,1744
7416,959
4590,544
3726,173
5742,2742
974,1922
6805,1973
734,2435
1839,680
2196,1183
2974,16
4790,3692
4523,1887
2057,3468
6240,3857
4755,2947
5245,2057
6765,975
5249,2930
2823,234
691,1462
1019,2725
4441,3659
3463,715
5429,3692
6625,298
6870,1563
2166,270
2651,2005
5466,312
1035,2790
6918,816
450,3857
3387,1107
4227,2804
6367,3157
5422,1666
6468,1748
7347,2390
7264,2621
199,3457
2358,2362
2810,2937
6542,2636
5819,2241
2985,3692
6152,3124
6931,3091
7141,457
1012,483
3460,3692
6830,1992
3042,2132
2749,3307
5045,1958
2199,1857
5342,1161
61,1779
912,602
3260,3644
2515,3490
4151,2620
5791,2192
2430,2894
587,2010
3441,3692
60,3661
3521,2345
4357,3812
5157,455
7247,1475
514,835
2436,1517
333,2480
1214,14
2829,2616
4677,1925
7234,903
5317,299
4564,1230
2869,2954
4238,3460
3329,1626
1142,1427
2539,46
3857,1782
2414,2266
4933,3692
3821,3522
5471,335
5687,2848
3722,2496
7077,2474
1440,3457
5091,1282
7006,1547
5453,3849
3039,2439
6809,444
453,3726
2906,863
3379,1312
4413,3289
7162,3457
2076,3331
2717,1112
6945,3644
852,2132
1321,2839
4550,3644
2079,3457
2505,3794
2104,2467
608,1627
836,3211
806,565
3485,1226
4935,1886
5043,2651
4976,1429
5258,361
4846,3534
5073,544
6124,475
3511,2797
5813,3737
1365,155
4193,387
116,3393
4995,2997
1409,1100
3475,1275
6326,3440
2293,137
4571,683
3718,1935
4239,3364
3969,3503
993,3787
711,2640
5582,663
1715,2496
7453,104
2506,3520
7019,815
6205,3042
4584,514
5699,201
4083,757
934,1113
6061,782
926,2686
2159,1840
700,2114
1261,3844
129,312
375,3751
4255,3614
438,1821
4889,453
2201,1958
6022,194
4736,1379
3666,711
5252,3659
5328,2257
3614,255
2574,863
7259,3863
3309,1726
1727,3098
6895,2805
389,3110
5962,385
6928,1935
4994,3148
4299,371
4742,123
5969,2266
4487,1065
5593,932
2181,945
1499,2803
5214,2104
656,1131
5945,3077
2634,1156
2780,981
6365,2616
814,3639
1855,2357
2102,248
4039,2258
1827,3692
2637,299
7000,3248
6162,2903
6654,625
2163,874
4652,3626
5882,1048
5352,590
372,1614
3742,2129
5068,2228
286,3496
1621,2432
6225,340
4976,195
7128,1605
4142,2184
6425,2616
3610,108
1428,2239
1256,2132
3876,3418
1426,2314
3083,69
6670,2797
1680,3133
1595,2537
4711,18
2171,189
7159,746
7449,1488
4830,2827
5223,543
101,3692
7164,43
4873,201
5694,1067
6241,2404
2113,490
6430,1108
3212,3616
5774,3692
5392,392
6699,2730
1622,926
6515,694
6268,1460
690,1589
2106,221
7281,3085
5168,620
6556,1634
7182,2554
1394,1678
4551,163
1237,940
858,126
4901,3659
1926,3673
5542,3692
5349,3526
3135,1009
6894,2797
2453,157
4194,2750
1681,580
5263,978
1405,2860
400,1126
7372,2691
1016,311
3713,2046
6875,1592
6663,3170
2614,2074
7151,2170
3964,544
1772,1233
6968,773
3468,148
6933,1947
6914,3691
933,2649
4608,1060
2961,2303
4394,2757
3354,19
7430,3692
6772,3692
1925,401
1128,3275
1876,1411
4520,1297
2703,3849
6820,3396
6723,3692
3411,2071
3999,2241
475,2013
1048,663
2058,1051
2656,1909
5770,512
713,2070
1964,3752
4166,1307
4854,2876
3448,3013
476,2773
4435,714
2532,2223
6506,1492
5186,3093
26,2981
5609,981
6655,1026
6001,2259
7100,3362
4371,140
5713,1038
6179,50
1605,264
1040,492
5405,1824
4852,3338
537,1857
5246,1013
1780,3419
2170,1884
4473,3692
6964,855
949,754
2022,2888
7400,1422
590,821
4022,2480
111,3038
326,748
3951,1782
2282,2475
2421,3573
1232,3708
4179,3366
5848,192
4656,2473
2479,2467
741,3326
2582,902
3669,756
5836,3457
4812,3659
6503,473
1859,3661
6539,2153
7339,2960
2110,1028
5972,1517
62,944
1421,1220
6283,3624
3141,758
596,585
5840,839
5167,1268
7150,442
4870,3196
3810,1755
6169,1014
3465,1757
10,609
3672,2464
2813,1013
4695,2562
4894,1725
2361,2609
3496,3406
5287,1427
3819,1881
2576,3702
2779,1550
2694,3169
7455,300
765,1013
6061,1723
2587,333
3046,2833
5021,3378
5131,1035
626,3335
5586,1844
7146,1881
5544,2601
4071,991
1398,3033
2864,1486
1094,1346
1794,0
2112,3315
6847,3692
5200,1929
7326,2872
6050,3762
7160,1119
4348,602
3580,1962
5206,404
3593,2655
3961,2593
3107,1486
2078,2805
6615,3692
2616,3612
7440,1294
907,1725
1958,1922
2071,3031
4509,3566
3103,3178
632,2954
1203,1760
654,269
6331,2068
3447,3661
1613,611
3608,317
220,916
3452,2958
3092,171
5566,400
1507,306
3757,561
2198,1880
3571,142
3723,684
3043,2911
4605,1301
7005,561
3675,1138
5767,282
2336,3692
1720,1245
1071,799
2523,3518
5577,2107
6457,3617
5572,2406
3067,1403
1576,2368
4623,15
3702,867
694,704
2500,3692
5029,3820
2111,204
4764,3293
3086,756
42,3380
5078,716
826,981
1151,512
5827,3692
2427,790
3325,1940
6091,1523
6729,3500
459,2621
1436,2078
1639,451
7007,512
7445,2135
1657,3245
3625,2094
769,339
5891,1354
844,1156
6382,3806
482,3692
5595,3692
4048,1638
7002,518
4254,1972
3937,2036
243,3117
91,774
5753,1770
5331,91
2615,3712
7343,932
1166,2230
3762,1402
828,2171
384,245
3831,2404
3368,2939
7471,2551
445,2820
2797,1137
1119,290
5484,1622
3577,3692
7156,180
6512,2064
3296,1723
2229,801
1305,2402
3186,2760
4624,885
4462,823
1654,462
3398,3289
2075,226
6416,3416
5712,1085
4005,1523
5724,156
705,20
6149,1086
6315,2021
5002,2615
742,316
2354,3024
6890,3457
7397,2470
7229,119
7253,247
7356,1880
4758,1881
1650,814
2367,2855
923,2700
2449,3382
422,2418
5637,1971
2789,1272
4313,3867
1985,3692
3948,965
209,95
1327,3692
5055,3686
3534,1096
3169,446
3403,2599
5008,1359
2031,546
5795,3432
1803,130
3774,1199
5257,3268
627,2944
4474,2593
2015,3692
1502,138
6676,1905
5585,2575
1753,3692
2787,2451
4370,1489
5335,3861
2155,3443
1083,2140
2807,1117
3498,513
4540,1119
3217,234
1193,1490
2979,1345
3283,2022
4124,157
1226,2835
1341,836
458,2209
6587,1688
7184,1678
665,1226
4328,2552
3039,1517
5293,3692
5291,2865
45,1518
4568,26
6231,3194
930,1911
7394,3595
4037,804
5644,1182
3892,157
7121,2911
1497,157
5647,1830
422,579
4446,3833
165,3626
5805,2160
3914,1757
6770,102
7219,157
968,1506
7041,3534
3748,4
4240,695
647,1865
6474,188
3000,1767
5780,2746
4188,3659
6122,2
2066,3360
5538,1937
6185,1519
2826,604
5627,962
4374,3785
5790,3814
1473,2967
4131,2751
4786,2948
4359,2386
6673,2626
4044,3277
4181,3511
3064,3751
5323,1086
4387,3616
3320,1233
6407,1194
1950,2488
2092,622
3566,1639
1866,804
763,188
5238,3378
1112,2062
88,544
3469,3692
7268,2627
156,2893
3466,2640
4027,721
5036,3365
235,153
5476,3142
4192,2222
3219,898
807,86
1392,2991
7121,254
4280,1517
6442,1659
1283,3169
4595,1528
6656,1359
5584,847
7199,2281
2627,1144
2044,823
6691,1316
6629,438
1804,3551
1189,3692
7431,2523
960,1654
7061,1529
6973,3402
1567,605
2246,2620
1568,3459
3025,2092
6438,3472
4196,1122
702,1480
4639,416
4363,2467
2145,2689
2575,1748
7124,3692
3331,1731
6483,2841
3347,3661
6148,1804
1025,2779
2792,406
5266,1867
1236,1013
2210,1892
5941,1632
53,1047
855,274
4432,328
6395,1802
395,518
3068,3091
303,2915
6722,3365
4843,3053
2232,1772
6595,291
7166,1312
5053,1062
3150,356
1974,201
3225,3684
805,2200
3628,2088
1911,1838
897,513
3147,3212
6784,55
6381,1099
6861,2490
980,2847
5996,1931
1854,2593
2692,3692
6811,3837
5706,142
279,2921
3450,2324
6523,401
4351,2954
3912,1860
4309,2728
4507,2972
5346,2724
5547,2714
6321,122
1126,992
3743,2990
644,3692
3111,1996
7207,3140
310,3523
186,1013
6688,1757
5528,378
6070,432
7164,3443
973,871
5090,2367
3273,2933
3665,3686
3380,26
5928,204
7272,128
2,2252
3312,2228
5251,3079
605,3454
6340,3531
4733,938
622,3394
6990,415
5143,284
795,1070
617,3693
488,1593
2792,3131
5510,3195
2335,906
4887,2923
236,3479
6668,1424
2327,2398
138,1372
7445,298
623,2841
441,2541
3512,2760
4114,879
3854,3692
6989,3172
3005,2434
1582,2402
3483,258
3796,3458
905,1894
6834,2480
5700,1090
4721,15
4234,422
4323,3352
6563,3414
6177,1429
3126,859
4055,3574
6178,1802
6257,863
7258,943
3975,3056
3459,1742
4489,3277
7353,3166
2527,981
6066,514
5992,336
4433,3641
4192,2532
2557,823
5779,2672
4934,365
481,2855
1064,961
6649,3494
3427,1093
669,1105
7265,959
4997,3804
1979,2465
2093,86
179,1214
2407,1414
2222,1634
1857,489
585,3070
1731,2070
5559,3692
3074,3836
624,1749
128,2565
6606,2198
465,1167
4720,678
1359,3595
1569,207
6966,1723
2999,2615
4386,280
7107,2830
6549,1519
4298,3550
5219,3112
4410,3468
5209,1377
4885,728
6819,1272
6134,1169
1743,2551
2572,1881
1123,2843
5536,3169
4392,337
3096,80
4123,2098
6607,46
2410,2233
2959,1243
3847,1934
5901,823
5966,3692
6339,2
907,185
2192,1781
678,133
452,544
4247,2026
4789,2080
6328,3226
607,603
6546,2402
6842,1232
5026,451
4921,3138
1361,2499
27,1196
3241,1235
4975,634
2151,1312
3780,3169
707,2123
773,1925
4729,3089
1738,2570
3479,3214
2709,2249
6513,1299
4143,346
196,3462
6348,3339
6948,2809
964,72
7218,2404
4078,890
7013,3692
3059,911
4953,2551
1431,2167
1,1156
3712,15
4440,3457
496,1135
3438,449
7080,3867
6949,3155
1233,3579
4135,1774
1824,3266
6249,448
4258,1881
5032,521
512,2018
1995,2101
5284,1459
7125,1021
7092,2830
5232,811
3301,272
6095,1149
415,3253
3870,200
609,2301
6994,3692
5368,3035
5788,2197
3389,1324
6102,3259
3285,2664
4980,2926
6308,1149
89,3204
2028,1352
963,1782
1379,906
1716,1760
6502,907
1923,1006
5397,2167
460,2070
307,1562
5085,2575
6188,976
1223,2766
3537,3006
2398,2467
1749,2058
2348,660
6757,86
5616,1164
5867,746
2080,3097
493,2139
3406,981
5343,3220
5281,2342
4407,1320
4625,2711
6894,1488
3384,404
6913,1501
6238,1857
1812,2464
972,2487
6092,3200
526,451
543,2081
1438,1499
5674,1226
2541,3283
2174,1769
4744,3692
6807,2135
7333,3642
3589,2391
3532,3843
951,1273
5371,1346
3065,3145
5432,13
6528,3622
2212,2182
2652,239
3193,2283
4366,3372
203,942
4771,159
2245,2480
6924,2962
1736,3771
3735,2687
1821,3586
7138,935
2464,3692
3625,3495
2149,2139
3355,1419
2714,3574
916,2167
2581,1769
2209,2126
2546,2943
490,1012
3807,3098
2095,3192
1450,1993
7048,3728
5059,3019
2560,1013
6127,379
227,2480
6789,535
541,1364
5847,1530
1709,3092
5322,396
1696,3833
5796,1713
3287,3449
7169,1695
6346,3577
3773,1127
161,2247
4925,3325
6871,3169
3426,2480
6325,1424
2892,560
6433,728
1376,71
2186,3552
1422,2402
2943,3531
5393,2383
2411,1455
241,2886
1946,3836
4391,358
5406,107
7130,1299
3404,3108
5682,1439
3978,3343
6215,3659
645,1434
5846,3533
6689,546
472,2940
551,2001
3729,1592
2774,3614
6041,739
3721,3165
3621,1766
5216,104
3910,3589
2645,2911
511,1326
5192,649
6909,2885
4104,3576
6671,3013
4019,2714
2568,863
2568,2849
1021,3239
3345,1723
2873,681
4361,613
6372,3067
1914,1012
2148,3165
1156,3585
918,495
2812,1344
3728,3302
593,1378
2315,3692
1184,1782
5411,3675
2054,884
5378,3269
1878,658
7390,1895
5387,1288
4793,1532
2666,1118
7442,1533
6026,2672
4283,1201
796,3255
5496,642
6274,1461
1620,1194
3177,1226
6107,3684
4173,1679
6265,823
2244,1021
6812,3207
3033,1935
4256,438
2002,2427
2597,1819
7422,3661
1454,343
7221,904
3198,467
3867,2548
4225,41
6527,981
799,1580
513,1748
2832,2332
4883,3653
2231,385
5080,1723
5065,3586
5502,2126
3960,2860
4877,88
2041,3644
2459,3403
6002,197
144,3692
4911,86
6771,2630
2975,960
357,3692
5018,1905
4405,3368
2433,2074
6237,1124
5991,1657
2178,1555
2534,2651
5607,728
1255,1809
5434,1968
6502,1809
1304,1930
7277,3791
5622,972
6645,2531
5621,1013
5072,1737
1560,2795
2630,2480
5634,3692
4478,1523
4245,9
4441,1870
889,3041
2126,2425
2661,746
4765,1967
797,2405
2743,34
6597,2877
3799,2524
5769,2725
3236,3350
3547,3471
214,1037
6470,557
1196,1592
4840,690
3933,3692
185,1733
5245,1678
3896,363
7309,3692
6815,2174
6295,2367
5213,413
677,1414
6544,1122
5145,3662
5176,2746
1585,771
7123,1472
5913,2716
5717,3595
5887,1266
956,1768
5475,3015
2674,2391
3613,1327
6087,3542
5507,2967
1745,3096
3985,2367
5690,3317
3615,3359
5208,3839
1900,3384
4099,3408
923,894
3824,1668
4842,3866
1877,2353
2524,2689
5417,1064
153,3083
5564,1528
4588,2939
5837,2855
5914,594
3671,2715
2331,200
1885,2594
862,1678
5757,58
783,1156
2176,528
6049,1398
4713,2008
1650,189
549,2157
5010,3692
3133,1992
1412,546
4727,3111
3402,3614
4723,3635
2913,2110
1693,680
1536,208
349,941
2334,188
3746,2084
992,2969
7358,2132
7282,2551
2600,1771
706,1565
3604,3024
4822,3361
5956,3290
1427,49
3703,1983
2791,2884
7001,3147
2032,388
1230,932
5175,1678
4192,161
3734,286
4510,507
5943,998
2839,1356
6906,816
4954,1386
2982,2344
60,1430
4311,1694
6818,1871
4118,104
3464,546
4317,3202
6798,3619
1006,3496
1961,979
4717,3550
4476,980
3226,839
2890,2876
5237,3064
5061,852
2643,1723
2374,2730
3592,2101
6849,2739
932,204
3399,3692
1809,3446
5058,2917
6622,2467
885,65
5482,2198
3216,3692
2931,1722
3635,377
4010,3701
5448,335
3519,2646
4190,370
1381,3800
6635,312
6614,3636
2194,2102
5074,2790
2011,2920
810,1769
5123,2911
3509,3540
3655,3594
4484,709
4632,3576
2431,2725
2603,3734
7158,474
4284,1294
6620,3013
5799,3315
819,2878
2696,111
4938,771
4836,2975
4115,438
3155,2382
6351,3010
3238,1333
552,1450
70,2201
1371,2307
3877,273
5838,1149
1227,84
6981,1312
7129,15
5092,312
2333,1348
6639,3305
3433,3127
4025,787
2294,602
4424,1021
1086,495
7055,2954
5633,1804
5139,774
1687,3344
1484,1029
4689,3692
977,673
4783,2307
4277,220
4213,730
6355,1681
4715,1880
2583,3337
4859,2302
6748,3827
4045,2314
2606,1749
4192,3007
2203,312
5737,3739
854,3198
4936,3690
2379,3692
3881,2327
6160,3549
2404,1012
4011,636
3116,3692
2154,83
5082,2697
2883,2407
5240,3283
2592,3692
3187,3572
406,1880
2868,594
533,3678
1391,1723
3151,2343
4763,850
2805,3692
4169,111
1237,2976
1316,2074
5574,540
3697,826
7287,3596
1029,3212
965,3722
4819,903
7413,3412
2934,251
789,463
5273,1258
2895,1491
5702,3061
5264,2835
1472,641
4130,3431
5212,201
6943,120
1767,2252
4556,1553
6189,183
4230,1797
6960,2689
6273,1988
6230,3338
5932,1429
1053,1798
6247,3692
1632,2148
2955,552
527,2654
7065,3092
1766,1855
6198,2194
695,962
1856,1519
830,598
5006,2031
4856,2501
1246,18
581,3048
1474,1868
2783,2552
2803,3433
3620,3692
2211,1343
5535,1742
5903,1909
4504,3217
5445,3017
2608,1918
267,1023
5506,1391
6151,2132
7202,306
748,1067
3650,3692
2754,2911
4813,1878
6220,919
3124,3353
2577,511
6742,2721
6773,839
145,3662
331,634
1363,27
88,913
745,3132
3711,1837
1939,1651
4325,1013
3930,1652
1116,2257
2929,525
2678,2340
6929,3836
6196,2790
2713,1809
2412,420
5570,3496
6201,2316
3157,2725
3176,2738
6665,501
1155,3245
4343,2063
3670,506
4680,2880
884,1210
4876,82
3005,1809
4814,2062
2930,1635
7424,3118
6013,2911
3180,1517
5568,3692
6531,1036
354,2563
3878,3316
7263,2382
5348,427
3610,3501
530,52
4113,3075
6475,2568
2120,3644
7178,1493
1056,2727
15,774
5631,900
4345,3317
1879,1488
4496,1500
3341,3434
873,512
628,1876
5217,738
6380,3620
3928,935
5703,1126
2828,2539
701,405
2781,2464
5377,1370
2247,2759
4224,1162
4699,2209
4396,222
5562,369
5030,1262
3822,889
5499,20
3897,3692
6309,3043
930,2335
4192,1331
4894,2835
5498,1781
3562,935
5666,3351
6385,823
3339,368
6086,3119
2977,3170
2662,2075
2221,2598
2706,1364
4659,2150
3611,2224
4287,292
5818,860
1471,299
1044,2972
1949,2849
6153,786
3883,2050
3408,3743
2816,1616
5049,736
338,716
293,3188
394,3240
931,1001
2660,322
1221,3692
5292,642
5733,3768
6115,2372
777,1702
6424,912
2795,631
7332,3504
5117,2452
2668,2024
2685,2193
4662,2582
5405,2855
1697,1298
76,1510
2452,1581
4229,1653
4542,2867
1149,419
2278,4
5772,289
7114,1187
3507,2651
6633,1786
588,1025
2623,3836
5428,637
4268,3688
612,335
2831,3721
1762,2460
4974,3850
6796,3362
3774,3301
5362,3437
5859,2257
2855,816
673,2910
5480,3392
5051,2986
271,392
2169,3457
4577,2578
2156,1946
4291,2480
1190,3816
999,2787
2415,3634
4249,268
6926,331
6638,1850
6801,565
1517,683
7239,1959
5308,3443
5354,3559
5182,823
6822,395
4354,2132
5185,74
4147,2593
5102,2291
957,2911
7149,2187
2677,234
4848,2640
2288,947
3523,3143
3258,1411
3535,1985
2374,3579
3174,2208
5643,3288
5457,2640
4827,487
7261,3303
361,3452
2680,3807
364,3686
6140,3047
7465,329
3194,1813
2428,553
2638,134
2438,1012
3085,594
1631,1966
2713,2937
5089,2594
233,1173
1317,3496
6217,234
2669,881
1669,1669
7467,1543
2223,794
5968,469
393,115
2705,3692
4916,2787
3197,1939
2285,2840
6113,298
2876,312
133,2110
5898,1312
5734,652
1672,812
7186,1156
6857,2149
2798,1826
5389,617
6166,3692
3360,3515
4781,2720
820,3161
5247,1207
5946,427
6266,3815
4683,2562
4220,1340
206,2480
1773,1510
6984,3802
2653,1034
6078,1256
6401,2175
7137,3492
1121,3166
4311,596
1815,56
7434,2668
1830,1347
2619,3759
3641,478
4212,3448
5888,3468
3264,2477
5222,1392
2922,2713
2593,1491
7362,2684
655,1013
2069,996
3240,2241
2708,2151
1336,3562
6357,2081
7009,2007
4976,1457
6232,2315
3828,1135
2742,2903
6410,2358
6568,3469
3529,21
1973,2577
2776,2901
2151,2849
5807,3492
984,262
2302,766
2861,272
7334,2598
6714,3644
7350,593
5655,3071
2670,1872
6592,3129
1351,2126
981,1132
5040,1226
3267,3030
2819,396
4398,941
6104,49
457,344
7088,1202
5260,3565
4369,3128
3966,3418
554,3660
3047,1162
5160,2166
5284,1707
249,809
1070,278
6558,1387
2050,1238
4705,1542
5310,2110
2190,3692
5118,3108
5789,1061
1811,2649
4983,668
6015,586
2821,1465
2521,2930
6900,2211
3185,2681
3997,610
6524,3092
4791,619
2915,53
6760,2847
1849,258
2437,428
5083,3127
2058,1829
2051,2873
93,3692
7349,209
5523,3170
6378,1698
2052,3475
503,823
4863,2077
6408,823
5461,3689
2519,3126
5869,2760
6077,3692
1469,2373
297,1923
28,3684
385,3692
1591,794
390,3807
2329,1955
3812,52
7425,2540
1191,1052
6968,2035
533,823
538,3153
5808,2871
1207,3248
4027,3094
7453,1326
1456,1737
7419,924
4222,1091
3869,707
601,2391
6898,929
5315,3648
6058,3692
7325,215
7183,805
3843,3579
3842,2159
3352,3692
3803,2167
6632,823
7404,1797
1836,2385
6566,432
6724,1809
4439,2270
7073,3683
2847,3412
2852,1312
5214,3434
3837,71
2973,1723
5508,390
7084,1189
3202,499
4461,3052
5302,1453
5135,3262
2096,3786
2342,1038
1397,3519
3256,2132
5066,395
3923,380
4451,2751
3759,3692
6048,2855
6419,3522
7062,2167
915,2819
559,3709
7464,669
4420,1078
619,1508
3597,1499
1515,599
1711,3692
1630,2535
1817,2627
4150,2651
3114,1796
6441,2907
3492,170
245,1977
278,3322
3497,1682
3693,3314
2457,1122
3778,3129
4289,1655
4332,268
3337,3423
792,2725
7423,1139
4248,45
7415,726
6413,458
1846,1126
421,1213
6904,2910
5202,3692
252,1175
6090,182
1771,3692
6695,521
521,3551
5612,823
660,2663
5326,954
1353,2132
1131,3251
1506,3128
821,1039
3809,2721
7293,2318
4013,1962
1415,1963
1110,2081
3035,2051
3300,1531
6672,2910
4970,3692
4417,1264
4312,982
437,1463
3142,2113
1977,2605
6197,816
1599,444
3872,646
6838,2569
1280,3845
349,303
6059,2279
6845,2959
5262,3692
5430,3239
7279,2662
6725,1056
5678,3755
2739,3692
7376,3268
1646,2074
7241,1094
238,593
1840,627
305,354
4557,1809
2165,2144
4072,1737
4098,477
2325,1315
2097,145
5842,1769
7136,1687
2757,2140
4295,1930
272,69
7320,2676
226,2582
1544,871
5509,512
4079,1524
4454,647
6016,1777
2552,2832
1948,3849
6492,3692
6293,3519
800,3692
3274,3167
3756,726
5822,901
951,2060
5708,2950
1410,2345
2368,2314
6353,1439
3308,2643
6940,2404
3382,377
5715,2845
5259,3797
2602,3649
2167,1277
3366,3816
5837,1559
4565,1925
4088,768
3804,1009
4339,2336
1008,3469
6787,2081
4216,3168
4624,253
6686,3692
3353,26
1243,1013
5933,2142
6485,2655
3971,75
1947,2526
3473,3245
6575,2548
3646,2944
776,3469
1325,1725
965,3405
4053,558
4443,3453
2841,3153
4385,2465
2683,3506
3510,1972
3520,2660
2687,1639
3752,1734
2590,3692
5657,2220
6214,3831
5732,1576
797,1848
1179,2667
2065,2531
1777,1081
2353,194
1276,3539
2700,9
6547,1910
1662,2528
2486,3692
2620,3692
5278,3742
1314,1027
6088,2793
5155,144
2262,722
2175,3692
5885,1417
4928,892
5289,80
5421,236
5851,1281
6025,1168
2451,594
2585,594
0,3503
4788,737
2193,3453
4306,3474
5013,3070
3545,2558
6251,3093
6418,2038
4346,3775
6477,2847
4279,1506
1610,1267
6730,3212
1938,86
6747,3381
2182,2661
1769,3017
1712,268
953,3626
419,3692
408,1059
4014,2110
4127,1233
4018,280
5386,2362
5529,3579
3423,2056
2087,680
3909,0
971,3508
2356,2790
1533,2494
1158,1119
5414,1269
6874,3849
3445,1707
3636,3224
3992,2105
7101,364
4418,2442
2302,460
5194,2434
5390,94
5359,2730
5994,3012
3602,3576
6983,1769
2466,339
4757,861
3885,666
3673,1012
7308,2505
1400,544
3528,1597
3022,1725
1831,3211
2364,1725
3276,2773
6693,1414
2090,2159
257,1963
5900,2946
2538,565
6017,1316
2496,568
7451,2934
2026,2790
6852,1299
3629,3692
5933,3244
1067,1135
6374,3660
3015,3240
589,544
1446,902
2129,932
3974,3582
2188,1512
5224,690
4116,1716
6745,3014
2612,2742
4740,1809
4898,934
3235,1149
6229,919
2799,3736
2214,602
3013,1221
5908,2675
3585,3369
4937,1949
6484,98
6012,517
57,696
2725,2925
141,2501
5088,1071
2703,133
5963,1271
2533,1119
3142,934
3104,3860
1775,3692
846,2963
5839,1878
4832,3747
6907,3476
5611,1233
5173,2993
4493,1248
3171,709
779,3030
3998,1161
6933,1748
4094,2855
5505,1372
3935,58
327,2640
1101,2263
2123,2954
5280,207
5211,373
7024,3071
3278,3208
7189,169
2099,1779
1706,3016
6754,2392
4080,1846
5327,2884
3305,1769
4634,3600
1457,218
6813,1171
5531,3064
5555,1206
5391,546
6065,2705
1785,922
4777,2080
2887,1313
2250,2190
3079,1254
498,899
2350,2313
7315,1166
322,1878
2366,2257
6256,593
6041,2654
6261,671
6641,663
2518,3294
2248,3433
517,1299
1869,404
6520,3527
603,26
2877,2301
7302,3684
6101,2533
3122,1085
1416,930
972,953
2522,797
3449,2648
4426,2859
6138,1782
4541,365
2230,1857
3940,670
4932,3670
6511,14
5890,3373
6535,2357
994,3802
6556,201
7209,1483
4333,722
6110,1777
4016,1540
292,1207
6708,2140
7284,3239
6052,523
4677,239
886,862
4800,309
6202,2719
2504,2338
671,2142
6436,1802
4244,3245
68,351
6675,1855
4672,2645
1220,3754
3281,3548
7204,2586
4654,3530
4679,554
5949,2101
6227,3772
1046,1093
3095,1853
218,2402
4398,2234
3125,2927
1041,3378
5862,1809
2173,2480
330,2091
5177,3692
6627,3598
2766,3748
9,3433
264,3457
3989,2214
4463,3531
4286,451
2782,3692
2978,2621
5356,2122
5447,2240
2514,945
6156,2148
4735,728
6835,2207
5288,2597
5912,475
7383,1258
2173,3769
4060,2215
4416,3311
1666,3709
2946,3692
1163,3317
6218,932
98,778
4702,672
4989,1897
1739,1972
6554,2049
1286,391
4543,3015
479,2577
5274,2002
6439,3267
3343,2466
3788,3082
1350,820
1967,1957
5,3825
4945,901
1746,3651
1140,1626
4215,3041
3676,2467
928,3692
346,75
2374,1678
6971,2579
7117,2404
6903,1398
5370,1723
3135,544
4422,752
6860,2519
3293,901
13,2760
221,3692
5449,1723
2512,2258
5947,953
2659,736
3428,429
6000,3179
315,3182
2390,2911
5814,2494
1965,1981
2624,634
4912,3854
356,2725
1293,1588
4,553
2958,1153
6698,484
5197,3205
404,2594
4826,525
7059,611
7072,3519
3839,3238
3275,981
6258,2548
6354,3010
2771,2616
3010,2898
6260,2594
1489,308
614,3528
4163,2059
6346,3011
2108,1225
258,3600
917,267
3310,2786
2463,2621
6317,1263
510,1606
3856,3713
3290,858
669,1333
6625,103
1898,3751
771,563
3113,407
5069,3154
2352,3692
276,1560
3218,3843
637,1273
6034,3018
1345,2757
7307,3291
5459,306
787,3432
4128,1031
3694,2496
2711,484
3638,2335
6191,2857
5337,3211
5404,2972
3506,1627
629,981
3688,3361
6790,907
5739,2467
1946,1297
7359,2555
4097,1021
7034,2206
3739,1047
6495,3389
2150,3692
7171,225
2709,946
6859,404
1334,1857
3875,3308
151,3692
402,1059
2613,1652
4734,2480
3884,2081
2425,369
88,640
2817,893
6759,2388
189,2937
6441,241
102,3692
2314,3692
273,541
6980,1983
2499,2654
3158,3522
7128,1329
4251,683
5481,320
7303,1855
4937,1159
4893,1089
6037,3692
4514,504
1778,3015
6982,164
6103,1013
4282,2103
18,1311
3363,1833
3391,1114
5944,3356
2769,313
1761,2149
4003,594
6998,2215
4910,2732
5985,3478
7361,2977
435,444
3446,1844
7223,239
3979,3512
4232,3692
3836,3692
6585,891
3984,823
1955,981
5334,1050
79,149
2992,977
6204,2367
2833,2381
5355,3324
4178,544
4743,3211
6732,1705
3088,392
2525,3433
4593,5
6588,3417
270,3773
6388,619
1081,3692
3817,3692
2433,2797
4360,413
4580,187
1412,301
6398,2475
1294,3692
2996,695
6803,3692
512,3656
1026,3648
7103,2937
6318,681
6825,1909
5663,686
7354,3687
625,2257
5391,3152
6184,3017
5014,3165
2715,1742
6294,2394
2850,883
604,1272
2899,3219
3048,2790
3277,398
3862,1088
6131,1326
3390,3493
3080,2742
6040,2864
701,1326
3674,2434
1546,1152
2170,1016
7168,275
6299,3798
5483,3212
2061,26
3874,280
5950,3092
6905,2790
3775,1735
4007,1038
5144,2699
6137,474
3740,694
4671,3418
7288,3201
3480,474
6873,2730
1661,2428
2027,270
3234,2404
4197,502
2762,3348
2767,3692
1023,2787
3898,879
4823,146
2335,544
4728,811
7019,3319
217,1347
948,3552
2773,891
2582,1323
2530,1133
36,3406
1901,817
749,3692
3471,3003
5738,3693
1404,3394
5512,1135
3129,3010
3282,71
1278,1979
944,642
1216,2296
6389,2347
4512,2862
5513,3696
3679,1878
4331,1740
298,386
1545,1690
6710,1880
46,845
3618,555
6216,2311
7355,369
6897,3692
171,1779
864,2460
3314,1312
5556,1972
1443,2810
6448,3048
5915,104
947,3397
3731,3586
1205,3692
3328,200
3606,3820
113,727
6056,3197
2064,2110
3163,3250
2266,1278
4384,1643
6534,2943
553,3362
2578,1055
4666,3692
5127,2855
502,1855
648,1909
899,3477
6881,957
5304,458
5385,117
4221,3692
5551,3038
7187,1414
3336,2252
5714,3739
5306,2224
1315,2530
1650,1059
478,2787
3936,3415
2718,634
1171,270
1864,722
219,1809
2975,3148
6409,975
2825,1928
891,1155
2840,1684
1873,663
1644,840
4063,2594
446,3370
2465,3692
3153,1097
3261,2616
1148,380
1162,49
6652,1268
6109,1743
727,1555
1078,2307
1460,2372
3710,870
6763,3435
813,1972
2879,1881
1539,157
164,3283
5785,1538
5592,2163
4107,1216
2109,953
328,3391
4307,981
2240,1372
6006,2116
5745,3280
5516,3457
3845,1337
686,1759
1594,1382
4161,1802
2397,3692
1542,926
6208,3684
6927,3142
1917,3240
3751,2577
55,320
2018,1565
2441,2422
739,3204
3929,2620
539,2621
5620,3406
4972,3599
2220,3133
6136,3407
3727,126
7438,217
6352,1985
7085,816
832,3516
1903,2379
5711,2073
1105,1352
3830,3378
5489,977
5191,2074
3920,1056
6313,1360
4952,2960
5105,1216
296,661
6545,434
2703,863
1512,400
698,412
268,2548
7174,1396
2912,219
6181,948
1253,2391
1282,1106
1449,51
2822,1723
4138,3386
497,1819
5681,3254
5977,2084
6314,3692
1861,2210
3153,547
6369,2581
460,661
4653,947
353,498
4393,350
4618,468
1694,3157
216,1203
4266,3692
4858,1352
5193,1342
5019,2209
5608,1557
5303,3136
6660,370
6450,2775
3313,2727
3070,3006
2277,3104
5439,701
1466,2633
1636,3273
801,3411
6874,1009
962,1787
1798,1012
3642,3289
5674,2153
5596,513
1986,3692
6873,1430
6591,283
2834,231
599,1038
6965,201
1091,1500
4991,295
4769,1414
7035,2660
2804,2045
5020,996
6186,3617
895,1036
3632,3365
2610,2445
1990,2471
2284,2689
3690,862
6195,404
1960,1545
4200,3593
5468,75
6286,3151
2370,1416
824,2445
2565,2823
5925,2916
3860,3609
5060,2357
5450,3037
1682,1429
4978,1995
477,2751
6482,2689
1863,3692
5980,987
6384,2797
5756,1013
3297,126
1813,313
2513,3693
670,823
3455,419
3530,3451
7148,1624
6850,1930
3926,1209
352,369
515,1299
2755,3347
4878,2070
2443,1769
3584,2411
1968,981
3900,3142
4156,2573
5858,485
3077,3748
6862,304
6206,3154
2827,1358
6008,3169
7069,3788
1045,1127
5996,311
5316,2538
6869,1633
2605,612
1004,1476
1322,2280
2147,1905
3701,959
1118,6
7231,709
2747,1900
4467,1401
1258,3692
4087,1116
892,1127
114,2257
6315,3073
1296,2937
4661,1388
2197,2372
4401,0
5614,222
5860,3432
6021,88
5398,2849
7447,3572
3001,854
6421,3176
972,1012
6761,1295
2544,1517
5646,1086
3244,962
725,3471
3017,1737
2447,3836
6853,776
4853,2618
5683,335
970,1437
6224,918
6420,335
1537,2689
5272,1639
896,3595
6460,1316
6997,3241
7220,546
1177,3056
838,3361
1946,2106
6834,2954
1414,30
7301,619
5957,1634
4100,3296
3516,3245
4739,250
945,3608
5931,3567
3090,2615
1118,1321
2993,2911
1005,2841
6605,2730
4338,3474
6146,1627
1003,3145
5184,721
2140,2362
3019,2267
4884,2186
3413,1174
1616,3116
4090,3079
7249,1196
168,1004
4855,438
666,2449
6311,3276
2130,75
7049,3013
4635,1603
1932,2305
2732,143
4447,1781
6701,1512
1573,157
6952,2033
231,427
4534,3133
2283,1192
2480,3692
2623,1297
7260,1102
2218,3692
7079,3013
4639,382
1139,1972
5104,3599
5856,2480
1170,2224
306,1890
7050,3628
48,2534
5203,87
6517,361
6916,2847
3101,3113
3631,1881
358,2696
4315,298
2269,1270
1560,2796
443,2282
6071,3694
1888,1844
6233,3692
6091,2067
1612,3602
5937,3586
5345,1725
3430,3180
5190,1851
7038,369
5895,3589
4319,3692
3252,3524
224,2480
3279,3132
6880,2348
4340,1765
6100,2422
6039,2937
3654,2228
6734,1247
4103,1300
362,320
759,1188
5363,816
5423,3836
3706,1371
6808,149
2334,2028
6415,1652
2836,963
7294,3277
1881,999
3316,1307
3168,160
2746,2911
3289,157
2029,1809
1295,2753
923,895
1408,3825
2084,2913
4021,722
342,2081
1264,370
5231,646
6117,2725
4900,2990
1118,1484
5254,3259
4850,3169
4253,964
2995,2689
3972,2937
6176,565
1587,2228
3082,1382
5938,2844
6821,976
6069,1112
5965,2223
3215,3079
5218,3457
4304,3531
1883,1179
4448,772
4200,441
4792,87
3661,2607
7078,2480
7346,3692
5465,301
4479,1024
1390,2185
1287,2501
343,2898
5171,1022
4804,1723
5494,709
5340,2228
3397,3621
5204,3801
3249,690
5116,1473
4918,963
1136,2426
6951,3664
579,1983
4397,2954
1260,1149
2504,721
5721,240
3644,3848
3871,2615
3573,935
3220,1571
5134,2136
729,1405
176,2919
83,476
6332,249
3257,3560
3603,1753
6454,1703
2202,1968
7328,1678
803,1475
1934,3062
5046,2787
2763,2651
536,313
2361,2082
4133,1810
3195,1527
3792,1517
304,2407
2384,2480
5784,3692
4951,456
4378,823
5902,3418
2037,2372
7142,1299
92,3692
7248,234
3190,3519
5781,2081
3692,239
3340,3692
3808,3568
2925,3184
265,2307
7066,873
5669,2025
2361,2324
3653,661
3023,2480
3009,2545
3924,1878
2809,1962
3619,1013
2165,1631
3370,3692
170,3359
4915,2438
1403,2742
5591,506
7223,2405
2121,1975
2372,3543
2551,3774
6634,24
4041,369
5698,339
7161,1941
3649,1013
7093,3692
3660,2074
1270,1058
2846,1857
275,2190
5554,3485
6879,1962
1787,2745
4583,544
4419,1833
6335,788
865,3345
2059,1110
2143,2235
3977,3070
2461,595
4503,2362
5571,1974
4910,2457
4996,3692
6500,451
2036,3048
4668,3863
1765,1013
4660,2467
2542,1873
1722,3531
7057,3644
25,3196
4192,2069
3409,2855
4961,1119
115,2860
1976,1317
4839,604
2937,537
1909,3744
3907,3778
4860,663
987,1742
7145,202
1890,3236
7432,1198
4264,1312
2932,1627
6557,446
2493,762
7127,1501
2347,3862
5567,646
5064,2011
5456,2764
6684,2099
5229,1526
1626,1217
877,1624
6618,698
2430,719
4492,3367
5165,723
56,3811
5312,3631
6210,2566
2423,2665
1953,2487
1206,2967
7409,409
5619,3293
1601,1510
3657,3212
2488,3410
3123,3692
5451,3830
4897,46
4310,1269
2381,574
6823,2621
2559,846
6979,2868
5685,2721
6046,2700
4218,2848
1857,2496
181,2247
2722,3469
941,3692
399,1194
3410,1362
1446,1878
7473,1575
6561,298
4146,878
6793,2755
4690,978
3766,593
1673,3210
2509,1496
3359,1666
3333,482
2594,816
5415,335
3538,850
442,840
1419,2283
1628,1639
4145,2467
2292,1390
6447,1421
3859,1881
6211,2376
1593,3338
5472,3205
4675,2403
5881,1683
4272,3447
7045,3218
5624,1798
7126,2648
4670,1012
3743,1790
3156,2259
4388,1299
664,1424
1793,1009
6953,892
2935,570
3168,512
4615,2924
1774,1935
6910,2656
6791,3193
811,575
3505,3022
6777,2248
5755,1328
691,1678
4364,3692
1920,2110
6304,3721
5314,2753
2402,312
3549,217
7002,2487
2007,722
3531,1102
3720,2021
3806,3256
2871,9
1797,848
1825,3576
2768,2742
3487,3661
2158,1012
4243,1429
408,814
1602,3009
7266,2654
2574,661
4186,629
7278,1725
6027,2931
3996,2720
6269,2693
365,3332
4862,619
3040,3736
1151,2965
5686,2988
2351,2696
1980,3692
6379,1639
4746,2551
1592,577
6719,512
5886,3692
770,1408
937,124
1802,3541
1874,2663
1418,2383
4668,93
4731,3825
4796,2264
255,935
3405,1181
5158,896
7205,2741
5906,2250
997,525
2394,1093
943,3443
4704,1857
7458,2140
4820,2971
7074,2968
6636,2742
1281,2391
5264,918
637,2060
1290,1393
6957,3736
2413,2661
4081,3692
207,2597
6657,707
850,1013
5146,2740
7153,1517
3207,3057
423,616
1279,1769
5126,1455
7380,1415
1530,1122
2736,2388
1509,2231
6323,3692
7462,996
693,3631
6919,3457
112,616
6810,2467
1420,883
6896,440
4136,608
2902,3481
6780,2480
6301,496
3152,3592
1330,3060
5034,2926
4535,2047
250,2135
6740,839
1643,1012
5748,1222
1157,3519
4292,1013
1370,594
3753,210
7340,3692
3899,264
6576,2313
1218,2711
3477,800
2088,2567
6786,1076
4917,3401
266,3432
2642,2335
4533,257
2554,7
6353,928
3833,2017
5854,3203
2177,3174
64,709
6444,3648
873,555
1857,3169
2860,3847
562,3551
1801,793
6424,700
4810,2120
1752,2594
3030,996
6280,692
2491,947
3100,8
5113,3060
5324,3509
6289,3666
5189,3055
5423,1007
4450,3655
1645,1835
6988,405
7177,3310
876,866
239,3692
4982,1944
5971,1226
5388,905
1659,457
2471,372
2908,1127
6028,713
2487,316
6391,2751
5873,3579
5561,2001
7083,1029
1018,1565
44,1588
4741,3659
6453,2582
2330,3752
3192,778
1529,3474
355,2160
1129,1517
2082,2603
2572,2467
3286,1056
4421,2149
845,2926
251,2224
5997,3628
3058,3528
3230,602
250,538
5740,1491
1001,177
1271,1987
5667,2935
823,814
5130,744
5350,1013
3681,3692
4973,3012
1590,986
7369,581
2141,2257
5426,513
5250,516
313,2176
616,1948
2291,1972
2062,2903
3755,3762
2320,458
2256,3146
2843,499
5749,385
143,681
5244,1152
1441,755
6281,1414
1520,1802
7269,471
6589,2698
6775,902
579,201
5460,2847
5455,288
5100,2275
7190,3561
1020,1600
1267,3692
3524,3169
5590,863
6305,3060
5086,2498
5530,1980
6727,3692
4075,2639
5424,49
993,2298
7433,1639
5922,1723
7200,879
1847,1126
3032,1781
5449,981
6168,1900
6832,897
2339,2497
6489,2480
1931,716
1215,1300
6098,2558
7015,2001
5234,9
2632,2749
7437,418
4930,1998
2626,985
270,977
1199,3692
6180,1092
3607,1086
5181,2748
1200,2604
7096,1027
6626,2081
134,3304
3575,3763
5831,2106
717,3130
2680,1635
2494,3165
3963,1135
7412,1943
4526,3692
4780,2296
308,2558
3054,240
3127,3199
1596,1907
6490,2543
7056,2954
7075,981
6768,1733
3424,1328
5640,2228
19,3744
1858,722
5919,1414
2625,3109
5164,3467
2698,3853
119,1881
6887,758
4457,2558
5879,2631
4248,3616
5865,252
2152,3535
5199,428
5357,3754
5632,1707
6766,1407
7328,2837
936,275
4280,1555
935,2790
6224,306
1072,3024
3130,369
4153,696
4612,981
4261,0
6320,953
566,1351
5841,3399
4020,2274
174,1012
5215,1661
5934,365
3864,714
7415,109
7014,997
477,1952
3553,2515
2952,834
3425,3269
1099,2874
3609,2531
3327,603
5904,1482
1525,1935
3066,3191
4950,171
4549,1584
3,1143
6844,1582
3738,2574
190,969
1143,594
881,823
3307,3519
1796,3374
7159,3808
6276,3461
4779,3443
460,12
1169,3212
4557,361
6169,3069
952,2460
7370,2042
5948,2841
5196,1516
6,2730
4184,3684
5612,1616
4297,3332
3182,1430
3724,3699
4999,1389
291,3064
6208,2135
3687,2585
6999,944
2047,3750
4865,1803
6312,1963
3078,1723
4458,661
2585,3776
4536,3469
5930,2019
2552,2323
1372,3409
1534,2010
3237,2362
7289,2480
1396,1551
4064,2548
1283,3825
4913,544
2168,1515
616,3776
4095,3295
6330,3013
6569,555
4903,1519
402,814
5025,2936
4651,2466
2409,3563
122,3160
817,275
1254,2262
6429,2911
7108,3694
1941,2640
1844,263
390,1635
902,3473
1714,1136
2206,844
84,811
3938,2422
5705,49
6226,3198
1349,1425
1115,1258
6578,122
160,1294
6802,3479
5379,1461
4486,2375
6783,2971
6942,2735
3829,3539
914,3833
2391,903
4569,87
3412,3372
4302,1692
1447,805
5170,3165
6145,3744
1701,1624
3239,3629
6423,1510
3915,3619
2609,200
4505,681
470,944
1638,2443
3572,247
4745,3551
1574,738
1677,3603
1646,2075
6405,823
3144,709
7105,2
5034,392
2675,2890
6353,1306
7044,3146
1758,680
2904,1666
6993,1114
1241,2110
2399,2433
5722,2607
2234,3534
3848,2868
4794,797
921,1876
2598,778
5793,272
7348,1692
428,3700
4485,981
3831,3867
6275,3170
7469,3150
2856,2241
2689,1081
6445,1137
5727,857
5279,438
6105,2237
3818,1834
5003,2489
500,1186
6868,947
3633,68
3189,2306
3760,3290
4501,292
6600,1132
5275,3850
1653,347
6290,2367
6887,142
4381,1395
4398,810
4057,2466
1982,522
4963,996
635,2700
6755,2359
6466,270
3294,1662
2838,628
7468,3692
4753,3108
3815,839
5866,211
1038,609
3906,203
4835,2918
6884,1426
1145,2132
5052,408
4886,641
6467,3245
6537,2257
1853,2111
6889,2416
1302,2991
2233,117
4645,2878
1331,3463
378,162
484,2773
6203,2088
6915,3233
1572,492
4137,2300
3472,863
6209,3192
710,204
4861,301
5401,3692
2863,526
1352,2596
1646,2814
4948,714
1092,1208
7252,1434
5548,1352
5172,543
6106,3602
4186,512
6946,1098
5605,839
2636,2590
3767,1962
4868,3700
859,1737
5248,3692
2987,3692
1540,1088
5617,3680
1751,1500
5775,361
6174,595
4596,918
4122,3479
4030,3661
4465,3552
485,341
761,424
6005,3159
6019,842
6514,3265
1930,576
6370,2991
4236,3850
6680,709
3789,2343
15,2418
4882,2951
2535,548
178,1658
6938,2401
4303,1517
1653,1328
4686,2487
5955,1823
922,1523
5921,1946
7251,2753
1805,823
6679,312
4566,2048
5541,907
2751,2135
519,2422
6245,2945
7010,304
6934,3692
5812,2834
4907,513
4007,714
6541,2943
5180,3789
7224,2219
6165,1380
215,1903
1562,2391
6474,2135
7322,3693
718,3692
2719,3243
5759,1372
5539,1857
616,1429
4119,1305
2338,1565
2224,2217
3574,2939
714,3169
4470,1010
6767,1606
875,3531
4703,3692
4919,2041
175,3012
2543,3259
638,1201
2343,2151
3356,3776
200,975
1174,3692
1480,2944
4906,1819
1076,3534
3075,2450
4818,3692
7266,2700
5477,3742
5162,2684
5403,3564
2020,2521
3916,2019
4341,1488
368,680
2161,1477
3348,2730
2682,2640
3622,2969
5098,1881
5208,63
7448,88
4452,3692
5138,1953
4482,2551
6750,3843
4508,2954
433,637
4798,20
6553,296
5630,550
4012,508
2124,2362
1728,147
5394,953
4379,975
942,2621
4092,3133
1186,1032
274,1933
2237,667
5141,2466
7011,2958
7181,3140
2172,3692
3600,1624
1017,2391
4423,385
5639,612
6337,2640
6519,402
6667,3269
7426,3092
287,1764
6956,2914
2045,1557
474,1590
1702,3369
6118,3212
1820,392
6659,3041
408,189
5198,1256
4451,1736
5325,2529
4157,1289
337,3692
6473,178
4611,2893
416,3692
3167,1489
3476,1012
5169,1908
6521,3457
6359,3395
7417,3780
1940,2500
1252,702
3306,1769
6690,1465
3464,2126
2607,3717
1167,2055
29,435
5402,1557
4273,3692
7366,3670
6089,3692
431,3303
2699,3841
4896,3038
5017,2510
5889,224
3522,94
7441,1871
1723,2929
3858,3692
2387,694
7230,1836
6496,1548
150,1088
7335,1300
2796,3787
1411,829
1464,2116
4015,3531
6661,80
2091,1756
229,3303
2691,1226
3097,453
3594,2720
6043,2367
1652,3520
1333,3245
870,1269
4070,1373
2860,2617
4066,2651
7155,2429
1766,2467
6291,3263
1127,2480
7192,1678
3420,3600
6142,925
2759,1639
3595,2140
525,1328
5301,3692
2114,1312
1442,3659
602,1733
1882,1716
7238,2669
3268,1866
1369,3531
6902,3659
1700,2355
5829,707
7329,205
5469,135
6240,12
4947,1487
6758,352
3131,706
4795,46
5233,3692
1649,2659
5747,3647
4831,1662
5077,2132
2912,1197
3364,769
432,1648
4747,1439
5585,2538
760,1221
3165,3040
6892,2395
5837,544
2289,1191
4438,1852
7461,337
3844,3328
5704,3169
778,1009
863,3039
6876,586
3794,2689
1122,2741
6963,999
3716,2806
1087,1471
3418,1126
6081,3240
5353,323
4282,2399
6121,3578
967,1002
5612,2654
1912,3432
993,1176
4199,536
5396,262
336,2074
451,75
898,3504
3772,2943
325,1427
4437,593
2195,458
2055,155
5398,2028
2435,2547
1063,3692
4931,54
4370,1707
7364,3692
4700,1582
545,1551
6529,612
4257,3227
745,3531
2644,3071
3905,3041
6508,674
4498,3326
3698,2482
4684,298
5754,2198
6029,2137
1894,3741
2270,3503
3421,2847
4026,3223
3518,3719
5594,2855
6117,681
6564,1141
3762,1312
2401,2912
7371,2109
3744,2197
2983,527
1257,3692
2556,3200
3299,1029
324,1272
6129,2088
2942,1923
1729,2869
5600,697
5503,764
6697,2959
7194,1779
1188,2666
6550,2616
4043,1015
4669,3692
5221,1953
2648,2213
573,2218
7116,31
4005,1433
1556,2954
427,3103
4403,3657
7323,1263
1194,1555
1770,2654
6173,306
5094,3053
2915,234
7051,1972
3248,3790
1476,3604
5843,1599
4648,1660
2962,3692
6441,242
2778,902
1212,1279
991,3266
1318,3432
2894,296
2035,40
2105,1533
6854,1808
212,2518
4696,2081
1841,2426
4456,3826
6139,816
1565,3245
7215,1972
867,1402
4647,2081
2482,3590
2948,882
381,2411
2884,1126
5200,981
1108,3679
4091,1045
7188,2219
1835,517
2416,1960
2077,279
2940,2640
4951,2842
5741,783
6190,84
4904,2501
6807,1746
3389,3634
791,1649
5709,2642
5623,1141
6800,3692
2756,3169
1586,3546
3852,1594
4889,2085
7131,530
1915,2967
7104,1565
5256,2781
5330,2501
6417,2584
4712,1405
1028,3403
6093,3692
4591,3330
3588,437
7385,2746
7388,2263
2808,1265
3964,953
4065,2991
6687,1132
995,2179
3643,1312
6586,299
4760,3260
3911,3692
1117,600
6493,2471
1266,3352
6707,710
3154,3191
5834,2542
4383,2640
764,3572
4529,2465
7285,1360
631,3228
4929,3338
1310,3516
4562,3810
157,3308
4023,1021
3109,1849
4883,2404
1385,2643
829,2425
5478,1567
6183,2780
1580,78
594,2787
31,1627
6961,2818
2806,801
7133,1878
1553,1409
3012,2855
5868,2395
2633,2270
1893,3692
5601,2805
525,2135
1791,3681
3011,681
3777,443
5320,2792
7097,2598
6560,1427
7306,722
7276,1782
424,3665
7471,1469
4040,3418
2911,3833
4890,1639
4167,261
2928,804
4547,2468
3623,2083
6123,2742
2819,2029
6713,3776
1355,1959
6978,1307
2960,3725
121,631
4173,1732
1077,1722
6469,2369
1451,3589
1594,1194
7256,1436
1444,1600
3813,3762
3242,2512
6182,3443
2641,3046
1956,2943
2153,1013
2562,3692
1904,3692
6646,3025
5939,194
2389,3212
467,3496
986,2075
4202,2675
5454,647
3840,1276
3745,2207
3385,3850
4603,1972
5599,2462
6079,1638
4162,280
7324,2078
3203,3321
5852,1595
1954,2358
108,2223
402,189
3120,2505
2882,3387
7273,1739
2048,680
413,240
3504,3555
6499,480
7318,3323
6404,3626
4759,512
4986,1723
6254,1881
3346,1656
3737,760
3790,2047
1037,3157
4466,2855
5892,189
2433,1551
4231,2692
5867,3808
4872,2725
1107,2620
1016,1004
5675,605
1007,1221
398,1894
6769,3616
2429,799
4693,3433
3437,360
302,385
1814,1923
3705,1077
4752,2027
7140,1987
6030,3169
1584,185
85,737
5920,678
5054,234
3049,3230
5267,3496
2655,1613
332,3768
3271,1616
3443,2891
6939,2054
3071,3248
6739,717
3063,2081
7365,361
5942,1083
504,963
7242,1718
6047,1779
2332,1983
3211,3120
4758,478
6937,2287
7081,3692
4550,2700
4142,3400
1550,2132
3616,3290
4380,3457
2528,996
1523,3692
6955,3243
4682,1543
6159,3538
598,3082
7232,1013
7163,3128
4943,537
4528,2244
1491,892
3531,105
6170,2091
6650,3482
1818,2943
5028,3735
1487,3338
4446,2067
540,2969
1999,2466
5495,3386
5918,2257
1095,518
5967,1624
2127,2651
4730,779
2395,3634
4960,1012
6756,1555
5230,607
5964,1097
6592,2615
5241,2688
1182,2594
4324,3245
5989,2847
5099,3278
6737,2215
1730,3365
2757,953
5427,2060
1724,1601
5227,3692
4965,3692
5863,2856
2268,1930
6024,1232
4778,604
1089,2258
756,3775
3091,2640
5161,2062
5178,3692
2688,3455
1881,1440
4638,3418
5099,366
2888,2991
3304,2640
721,1458
4983,2140
22,3406
1204,114
7403,1086
436,2228
5976,3793
2375,901
1614,3661
7113,758
2969,2283
2924,2769
5085,2538
1384,1923
5336,1891
6841,1733
3467,2001
3866,3733
5569,1604
3678,235
6799,46
1606,1972
4725,919
1343,286
412,716
6172,69
3078,361
6851,2047
3377,3397
1147,3794
206,1779
1952,2730
5519,2133
7004,828
5778,1081
1182,1802
1168,1638
662,1012
5452,93
2993,3636
4495,1517
1224,2967
6628,699
1629,2198
751,3686
107,1140
5520,2600
2287,2319
2006,1811
6319,1233
5887,556
1842,3137
6651,3692
6921,3287
2454,1678
6344,14
1688,2404
289,2958
6637,2481
1093,3692
5294,2378
2844,1082
1130,312
7012,3038
1172,3692
3684,3422
7357,1989
4427,1517
3143,331
7032,3626
5618,933
7123,2990
2369,2105
2580,339
5765,1626
4985,2683
6702,718
6721,731
7090,3752
5015,1808
491,3600
2160,655
2146,757
205,1782
253,2725
4539,1061
2316,3154
3527,563
6371,1557
1467,1371
5806,1519
4491,1249
1413,613
5153,173
576,2368
2135,1012
1978,1294
4631,2986
3227,3196
5940,3670
2180,1923
3894,2198
2054,3504
3128,3190
1032,369
1608,3683
6288,1909
2100,1930
5437,1514
5798,3442
3823,453
4869,535
3891,3068
5005,544
2357,953
6271,2615
2661,3808
2117,3452
1987,3571
5269,3744
1957,201
7435,622
6996,1972
1146,1679
309,3434
4982,947
3626,2625
6377,688
6208,3848
6538,1279
4031,1627
5803,3570
80,3281
5190,603
1653,3065
3540,3726
5504,3624
4776,2131
7345,3186
5521,2810
5497,201
335,3692
5524,75
5154,3245
288,170
2060,1847
5487,1176
6922,3497
900,2683
7111,2201
2665,3647
3081,1347
182,188
3395,231
1826,862
6256,2855
6683,936
4058,3729
2611,3303
4056,879
5527,3648
2750,200
2046,84
5563,2110
7374,975
1598,3600
6593,935
2737,3644
1065,2090
5825,3692
3879,172
1043,2974
4278,1638
6774,1626
2445,1671
5382,907
2570,619
2893,1538
529,3692
1528,3433
5151,2142
4036,2226
2396,2425
6685,2227
5960,2954
294,1021
3378,950
910,472
3503,1066
7246,2092
5479,35
1150,80
6074,3362
582,1316
3624,3692
950,2651
5271,3388
2731,3825
4949,1159
3266,2937
5603,451
2758,1218
454,2420
4442,1062
2074,2508
4701,2979
3543,212
5905,1432
6863,1135
3332,3412
2017,3142
1377,3519
4400,543
3825,312
3990,2594
6785,2649
4054,1303
5628,750
2848,451
5307,3031
584,1725
1346,3243
730,796
1060,2886
4327,2522
2252,312
2265,2466
4613,2061
5580,3045
2579,1875
2671,2861
2972,2035
1943,1139
719,2973
388,1153
699,2735
3137,72
2128,3521
4204,442
30,361
1748,1021
256,1118
501,397
1033,1978
5604,3681
7245,2889
3470,339
2817,188
2299,3231
6187,2689
5261,3692
698,389
1789,2900
5982,1991
1833,2943
6944,3836
5736,3692
3148,2395
2115,3006
1022,634
3209,1358
1507,2140
323,2582
99,1642
3674,2855
4622,1611
565,2869
1901,3427
1239,1278
1617,406
195,3457
6055,1994
5024,3469
4201,1446
5651,3072
6715,3437
5987,2469
5123,2135
1482,339
6855,478
929,1587
6753,2682
6996,188
6598,1576
6259,1881
3965,2751
6014,3282
2733,2021
5047,2261
3374,1300
4599,1576
5111,3185
6935,3332
5486,93
959,419
2628,3661
281,1258
6213,3576
6917,3692
3554,3338
4344,3457
3948,1242
4636,2848
7227,1639
3493,1601
7436,995
2205,1205
505,370
7291,119
6009,26
7098,707
5988,1135
174,499
2125,458
6555,953
1770,1
3086,1893
295,267
2910,1667
5070,1211
1651,3692
2657,403
2259,3548
228,3071
560,1366
3853,200
7331,1480
6384,3592
558,2424
2382,356
4522,709
4716,3692
793,3001
2858,56
3415,1142
2021,2040
469,1857
3557,1720
2672,280
3984,2467
1478,3454
4966,312
4663,2526
1027,3289
6612,3836
3072,2092
4061,3589
2991,2921
237,1857
1675,2692
3552,450
4075,1723
6532,2271
1779,305
7011,1488
3769,3602
4772,3048
3056,3437
6590,677
7367,3752
1104,1792
1617,3131
5720,2743
386,1283
105,2209
301,1855
2555,1815
4430,207
2164,1664
5228,2173
5407,2404
147,1122
314,2053
5936,1176
5951,1979
925,2621
5897,3436
6709,870
7094,681
3018,3158
1151,160
2417,3692
4707,3346
3599,2386
1303,2954
6886,3132
5418,3586
2596,661
1479,2096
2134,2293
2120,1900
4998,1953
2761,2162
5581,1779
2251,1831
7450,2837
1034,2621
1519,3602
2990,2170
882,12
5761,3817
5332,1425
4845,1566
5412,3111
2280,3407
4582,3327
5540,3296
6507,2065
5383,3578
5286,3645
874,3692
2770,1204
1298,2973
52,2308
4649,994
7016,2558
4604,1517
4519,3365
5691,3586
2034,1028
5850,1364
4709,227
4650,2801
7396,3489
3232,1652
5420,733
4475,3443
1173,1113
2187,3606
3579,1881
3890,3692
1919,1576
6604,2361
2359,1619
3037,514
6199,326
5550,2132
6343,3754
740,1086
1493,3575
5820,451
1676,2464
6449,1147
2569,3270
4160,2132
4867,533
548,1037
6296,3534
1516,3680
3590,1723
5364,292
6080,3128
4077,2484
7165,1889
597,3531
2601,2562
4559,3692
7407,604
4609,2466
5857,696
2249,3692
5958,3673
254,3434
6434,3602
5491,2746
2053,3753
1860,1601
6440,909
96,3491
6018,3660
4692,2477
1970,2937
6827,271
5576,3692
5578,126
7310,3128
2279,3692
2857,1454
3841,2607
833,2444
3704,1555
1851,1673
5927,1182
1603,2362
6035,2967
5473,2934
6985,3718
5606,3692
6387,2042
7216,1372
1030,864
7089,513
1951,2900
6741,3213
4967,2429
6749,3074
4110,3037
4927,1081
6792,1983
3373,2515
1788,2384
4121,688
5129,3659
3778,1746
6795,453
7292,1488
2194,2025
4076,393
4864,1900
6096,186
2219,1789
7420,3659
7463,94
3782,3558
6141,602
3955,1271
2324,270
6333,2758
3610,1236
2617,3003
2408,385
1213,2395
1547,1517
2896,1371
3057,2228
2420,853
1229,2110
878,3344
6571,3165
570,1013
7428,342
2920,681
5635,447
6920,2797
737,1769
5140,3659
5425,2071
4472,756
4578,1411
4784,1745
1308,3692
3888,1644
4585,1572
4481,926
7401,481
7060,188
4267,3626
2858,45
7030,3692
3995,3692
2800,3487
5358,2138
6171,440
1000,2650
4500,831
456,1503
5399,863
6042,1723
2122,512
3763,3692
6360,3237
1764,3692
733,2198
535,493
2383,1226
1362,945
639,2765
5369,583
6824,604
5012,3692
5084,828
3944,1084
664,499
2561,1353
5470,2971
2862,298
649,3079
348,1690
3586,100
4052,1556
5044,355
708,3659
5438,3692
6446,513
1483,3692
6400,3780
4399,738
2740,695
2291,603
7363,602
2540,3522
2347,2161
5993,1857
4909,22
1872,619
2303,3286
3132,2616
1945,3349
7336,2310
1049,1979
157,1583
1757,3005
5537,3684
2729,132
3570,748
2794,1052
3291,1104
6952,334
7392,2592
969,2666
7113,2911
5953,1761
2511,3063
976,2790
3495,2267
222,601
3651,1760
3229,2525
5166,600
7311,3542
2505,2467
1808,2310
426,3033
7091,2721
835,2972
6368,2097
6509,3268
2371,2652
5413,3365
1719,511
4640,1429
2586,96
6644,2446
732,1009
3993,2520
3700,1221
4817,1506
5183,3290
3965,2458
4665,2132
2089,1855
4337,3498
3970,1984
2917,3471
3904,3387
7398,3443
1059,707
5210,1558
7018,1172
4017,231
7112,807
4082,2346
2179,1677
2385,2011
2495,3603
5351,1682
1500,3688
7298,1347
6329,3700
5226,2855
938,3692
5110,694
5931,163
7042,2589
6694,3569
6570,3533
5305,2855
184,2937
7393,2294
4471,2629
5661,918
4188,1294
3173,1316
6464,1013
822,3867
5095,3432
2051,1855
1485,3164
575,499
3591,257
3892,3632
5597,2101
1670,177
2508,1047
5899,453
269,392
6705,2243
41,1208
6397,1898
7391,2985
842,2425
6743,1488
2646,1102
4592,2932
5558,2496
4816,3054
5344,3210
1756,2472
2444,594
2432,1294
5162,2681
440,516
5684,1036
2815,3661
5674,3731
4602,2465
7229,3165
6582,3354
6250,2615
3922,454
4428,97
3483,3073
2380,3211
4548,1182
5365,1404
5560,1414
853,2267
5023,3626
4574,3534
3053,981
1905,3066
2941,245
1781,1081
6132,758
2238,2983
7226,1325
6909,1618
4708,3470
7070,2246
7414,2019
3730,3788
3525,2373
7338,3192
4368,1601
2853,482
1120,1685
1354,3838
1082,1201
7262,3584
340,298
6112,412
3956,3727
1153,3296
4589,1196
735,339
2013,1710
3456,408
687,2742
857,3153
4719,1427
2484,248
2854,1013
4285,2892
1532,1787
2301,312
6246,3273
2183,27
3941,49
166,3686
6243,989
5923,1536
2422,3692
7222,2212
1016,823
6551,2044
2499,677
5338,1556
633,2748
7314,2969
4802,270
1734,285
3014,3752
6966,2902
4051,3196
924,1126
1326,3092
6150,2760
6396,1244
4892,2270
4038,1163
651,415
2865,3457
1160,292
6110,594
7402,1109
142,3692
696,831
4192,1980
317,17
3417,671
6696,839
4643,869
3982,1123
2927,2241
2824,2557
2070,863
6285,1470
6003,1555
2000,804
2872,1258
568,3692
4242,646
480,546
1741,1748
4619,1801
5743,1042
2704,1795
1845,1576
5205,3618
6192,3763
1490,2516
3551,2081
4111,2943
6356,2595
2567,2850
7458,1525
1800,1402
7421,1872
5299,1802
373,1857
2505,2911
1009,1546
1332,2465
6616,3838
6709,619
7123,902
2589,286
653,3833
7233,2467
4132,2076
4968,3809
1790,17
6303,1513
2880,1337
7283,1012
1828,3692
5833,288
1433,2116
4921,3175
2424,3457
3038,3387
1047,94
3659,1748
4376,837
5911,3096
5067,1428
1961,959
4101,1312
5638,3846
3303,2500
1696,661
998,3248
913,2615
3683,3660
4576,2480
985,276
7350,3644
5583,1816
2926,419
5961,944
3251,475
5057,3692
23,3692
5532,3692
5632,661
2235,1669
4583,2725
5730,2630
574,3162
785,1396
7375,38
5773,1953
7139,3437
4694,499
5375,3341
1975,439
4265,2042
316,1591
6720,1009
5464,3534
1928,3481
567,126
5839,2428
3201,1539
7399,2731
1328,978
3159,2067
1114,1692
676,3681
2297,1779
2643,201
1323,1802
6452,1581
7180,2283
2618,1834
3284,1429
4455,2445
4494,3834
4811,1326
4570,180
1889,2627
6125,2125
5870,3296
5758,2826
109,79
1566,1156
4288,2453
6461,3471
2891,158
2695,1909
1265,2921
2434,1087
2400,2671
1137,2591
1744,3269
3987,2582
3500,774
