albumID,artistID
1,3506
2,1160
3,2255
4,1147
5,557
6,3826
7,2733
8,685
9,1084
10,3436
11,613
12,3676
3317,1311
14,2763
15,3734
16,778
16,2584
16,2421
17,642
5538,3686
19,1315
20,3745
3916,3622
22,1856
23,3409
24,3694
25,866
26,3199
27,2984
28,1200
29,3686
30,440
31,365
32,1630
876,3534
34,2970
6343,468
3322,3172
37,3409
38,1376
148,1126
624,2844
41,2483
42,1212
43,3383
44,3694
45,1591
46,1522
47,849
48,1682
49,2537
206,1785
1960,1108
52,1028
53,2311
54,1051
6946,3647
56,324
57,3812
58,700
59,1304
60,1941
61,2138
61,1434
61,3664
62,1782
63,948
64,1114
65,713
573,1772
5050,740
68,1849
69,355
6916,3236
71,2204
7147,1884
73,698
5113,1053
716,2135
3524,3146
77,1514
78,1986
4768,2758
80,153
81,3284
82,2015
5270,3745
84,480
85,815
86,741
4400,742
88,2214
89,917
89,548
89,644
90,3207
725,2375
92,778
93,3694
94,3694
95,3446
5022,3381
97,3494
98,2640
99,782
100,1645
5762,3818
102,3694
103,3694
104,3172
105,2485
106,2212
107,977
108,1144
109,2226
110,83
111,931
112,3041
113,620
114,731
115,2260
116,2863
117,3396
6525,3095
119,783
120,1884
121,459
122,635
123,2152
123,3163
6595,1069
125,1017
126,3837
126,1302
127,3095
128,1451
129,2568
130,316
131,2764
3267,2940
133,1387
134,2113
135,3307
5975,1025
137,3374
138,2913
139,1376
5852,1285
141,418
142,2504
143,3694
144,685
145,3694
146,3665
147,3296
149,2728
5124,2914
5124,2138
151,1092
152,3694
153,985
154,3086
6467,274
156,1114
157,2896
158,1586
158,3311
159,1298
495,3592
161,1298
162,2250
163,379
1235,3199
165,3286
166,3629
167,3688
5484,3215
169,1008
170,949
171,3362
172,1782
173,2559
174,1295
175,1016
175,503
176,3015
177,2922
178,2287
179,1661
180,1218
5820,2244
182,2250
183,192
5265,922
5265,2838
185,2940
186,1736
187,1017
7295,3280
189,2084
190,2940
190,550
191,973
192,1162
193,3170
194,1655
4308,985
196,3460
197,3465
198,953
4130,1928
200,3460
201,979
202,2149
203,3534
204,946
7317,3510
207,1782
207,2483
208,2600
209,521
210,99
211,2771
212,3694
213,2521
214,2654
215,1041
216,1906
217,1207
218,1351
219,2405
220,2138
220,1812
221,920
222,3694
223,605
224,2962
225,2483
5019,1908
227,2585
228,2483
229,3074
230,3306
231,2509
232,431
233,2556
234,1177
235,3589
236,157
237,3482
238,1860
239,597
240,3694
241,1016
242,2889
243,3668
244,3120
245,3085
246,210
246,1980
247,732
248,381
249,455
250,813
251,2138
251,542
252,2227
253,1179
254,2728
255,3437
256,939
257,1122
258,1966
259,3603
260,3571
261,2800
262,957
263,373
264,2849
265,3460
266,2310
267,3435
268,1027
269,2551
270,396
271,981
271,3774
272,396
273,73
274,545
275,1936
276,2193
276,459
277,1564
278,3422
279,3325
280,2924
281,2084
282,1262
284,2281
285,1016
286,1316
287,3499
288,1767
289,174
290,2961
291,3694
292,3067
293,1211
294,3191
295,1025
296,271
297,665
298,1926
299,390
4141,2096
301,3694
302,1858
303,389
304,2918
305,2410
306,358
307,1893
308,2
309,2561
310,3437
311,3526
313,1695
314,2179
315,2056
316,3185
317,1594
318,21
319,274
4796,50
321,2227
322,3215
323,1881
324,2585
325,1276
326,1431
327,752
328,2643
329,3394
330,985
331,2094
332,638
333,3769
334,2483
335,957
336,3694
337,2077
338,3694
339,720
340,3694
341,302
6341,3534
343,2084
344,2901
3425,1332
346,1740
347,79
348,936
349,1693
350,814
350,945
350,307
350,2237
7108,2833
352,2964
353,373
354,502
355,2566
356,2163
357,2728
358,3694
359,2699
361,303
362,3455
363,324
1901,3387
365,3688
366,3335
367,879
368,3612
369,684
370,3694
3462,3591
2539,569
373,1617
374,1860
925,1130
376,3752
4951,175
378,2800
379,166
2283,2478
381,3204
382,2414
383,880
7095,685
385,249
386,3694
387,1287
388,2962
389,1157
390,3113
391,1638
391,3808
392,1379
393,1143
394,119
395,3243
396,522
397,3085
1848,1130
399,1897
400,1198
401,1130
2522,2933
403,1063
403,193
403,818
404,1050
405,2597
406,692
407,1883
2142,2260
409,1063
409,193
409,818
7274,1742
5662,922
412,3683
413,720
414,244
415,699
416,3256
417,3694
6508,2068
3803,1433
420,3694
6974,3405
422,1217
423,583
423,1161
423,2421
424,620
425,3668
425,149
425,1601
1043,719
427,3036
428,3106
429,3702
4041,3421
431,821
432,3306
433,1651
434,641
435,2494
436,448
437,2231
438,1467
439,1824
986,280
441,520
442,2544
443,844
444,2285
445,2797
446,2823
447,3373
448,852
450,2626
451,665
451,3858
452,79
453,548
454,3728
455,2423
456,202
457,1507
458,348
459,2212
460,2624
461,665
461,2073
461,16
462,3269
463,3317
464,3441
5213,205
466,1171
5752,162
468,3499
469,1406
470,1860
471,948
5803,547
473,2943
474,136
475,1593
476,2016
477,2776
478,1955
478,2754
479,2790
480,2580
481,550
482,2858
483,3694
484,2208
485,2776
486,345
487,2728
487,1751
487,2534
488,1097
489,1596
490,1392
491,1016
492,3603
493,1757
494,2142
496,943
497,1139
498,1822
499,903
500,298
501,1190
502,401
503,1858
503,2733
504,827
505,967
506,374
3386,3851
508,1200
509,3442
510,430
511,1609
512,1330
513,2021
513,3659
514,1751
515,839
516,1303
517,1886
518,1303
519,1971
520,2425
521,3253
522,3554
523,3662
4752,1459
525,3506
526,2138
526,1332
527,455
528,2657
529,3031
530,3694
531,56
6484,2844
533,546
534,827
534,2956
534,3680
535,2643
536,497
537,317
538,1860
539,3156
540,2624
541,2972
542,1368
3640,3479
544,2084
545,272
546,1555
547,1860
548,1994
549,1041
550,2160
606,3457
552,2004
553,1454
554,3365
555,3663
556,3653
556,1424
1837,2388
558,1394
559,2427
560,3711
561,1370
562,50
563,3554
564,107
565,2775
566,2872
567,1355
568,130
569,3694
570,1317
571,1017
572,3293
574,2221
575,3165
576,503
577,2371
4742,3662
579,30
580,1986
580,205
581,2924
582,3051
583,1320
584,3356
585,1728
586,3073
587,3406
588,2013
589,1029
590,548
590,3588
591,825
1723,3534
593,1195
594,1382
595,2790
596,2907
596,1313
597,589
598,3534
599,3085
600,1042
601,3694
602,2394
603,1736
604,30
605,1276
607,682
608,607
608,1854
609,1630
610,2304
943,2624
612,1751
613,339
614,1742
615,3531
616,3440
617,1951
617,3777
617,1433
618,3695
619,3502
620,1512
621,3003
622,2889
623,3397
625,1752
626,2260
627,3338
628,2947
629,1879
630,985
631,3694
632,3231
633,2957
633,827
634,2751
635,1051
636,2703
636,1681
637,1521
638,2063
638,1277
639,1205
640,2768
641,1790
642,2677
6969,2038
6969,777
644,236
645,3694
646,1438
647,2596
648,1868
649,1912
650,3082
651,692
652,419
653,3694
654,3834
655,273
656,1017
657,1135
658,2779
4057,883
660,3217
661,548
661,2666
3590,2394
663,1016
664,3537
665,503
665,1428
666,1230
667,2452
668,3694
669,827
670,1109
670,1337
671,827
672,2145
673,1016
674,2913
7008,516
676,3537
677,3683
678,1418
679,137
1136,34
681,1673
681,2706
682,2375
683,607
2541,3525
685,2933
686,1362
687,1762
688,2745
689,1577
690,2972
691,1592
692,1681
692,1466
693,742
694,3634
695,708
696,966
697,835
2179,1559
699,416
699,393
700,2738
701,2117
702,1330
702,409
703,1484
704,3365
705,3215
706,24
707,1568
708,2126
708,907
709,3662
2785,205
711,208
712,2643
6136,2739
714,2073
715,3172
6178,1433
718,3133
719,3694
720,2976
6024,1025
722,1462
5774,1956
724,3169
726,3474
727,3407
728,1559
729,2129
730,1409
731,800
732,571
733,1013
734,2201
735,2438
736,343
2896,1495
738,1772
739,3040
740,3207
741,1090
742,3329
743,320
744,867
745,2026
746,3135
746,3534
747,408
747,846
4496,1521
4496,77
749,1071
750,3694
751,987
752,3688
1400,1248
6288,638
755,1134
756,2333
756,306
757,2534
757,3776
758,396
759,2017
760,1192
761,1225
762,428
1783,3421
764,192
764,2933
765,3575
766,1017
767,2469
768,1641
769,1093
770,343
771,1412
772,567
773,262
774,1928
775,2937
776,3694
777,3472
778,1705
779,1013
780,3033
781,1961
3447,1847
6990,3175
784,1160
785,316
786,1400
787,2338
788,3435
789,1222
790,467
791,423
792,1652
793,2728
794,3004
5873,1433
796,1074
797,3258
798,2408
798,1851
2184,31
800,1583
801,3694
802,3414
1604,2365
804,1479
805,957
806,2203
807,569
808,90
809,1117
810,88
811,1772
812,579
813,1681
814,1975
815,3642
1085,291
953,2463
818,279
819,648
820,2881
821,3164
822,1043
823,3868
824,1063
824,193
824,818
825,2448
826,1326
827,985
3189,2823
829,2174
830,2428
831,602
832,1844
833,3519
834,2447
835,955
836,2975
837,3214
838,577
839,3364
1608,1860
841,1598
842,177
843,2428
7307,726
845,1160
846,2929
847,2966
848,1931
849,1631
1162,243
851,1017
2757,3172
853,2135
854,2270
855,3201
856,278
5791,623
5791,3815
858,3156
859,130
860,1740
861,3044
862,3085
863,1681
864,3042
865,2463
866,3348
867,3215
868,1406
869,491
870,1207
871,1273
872,3694
6522,3460
874,516
874,559
875,3694
877,870
878,1627
879,3347
880,2551
881,782
882,827
883,16
883,1434
884,957
885,1214
886,69
887,866
1860,3664
889,1000
890,3044
891,3172
892,1159
893,1131
5771,516
5770,2728
896,1040
897,3598
898,517
899,3507
900,3480
901,2686
902,642
903,3476
904,923
905,2198
906,1897
907,3215
908,189
908,1728
4654,951
910,2417
911,476
912,1428
913,606
914,2618
915,3834
916,2822
917,2170
918,271
919,499
920,591
4021,2277
922,1879
923,1527
923,1437
924,899
924,2703
924,898
926,2624
927,2689
7224,243
7224,2408
929,3694
930,1590
931,2338
931,1914
932,1005
933,208
934,2652
935,1117
936,2793
937,279
938,128
939,3694
940,1793
940,2838
941,3601
942,3694
944,3446
945,646
946,3611
947,1172
947,2113
948,3400
949,3555
950,758
951,2654
952,2063
952,315
952,1277
954,3629
3872,2618
7460,978
957,1771
958,2914
959,1725
960,423
961,1657
962,3190
963,1790
964,1785
965,76
966,217
966,3408
966,3724
967,2201
968,1006
969,1510
970,2669
971,1441
972,3511
973,1016
973,957
973,2490
974,875
975,1925
976,1972
977,2793
978,677
979,3199
4767,2428
981,2850
982,1136
983,2937
984,2483
985,266
987,2078
988,1745
989,1369
6614,369
991,1418
992,3269
993,2972
994,1180
994,2301
994,3788
995,3803
996,2182
1958,205
998,529
999,3251
1000,2790
1001,2653
1002,181
1003,488
1004,3148
1005,1480
1006,2844
1007,3499
1008,1225
1009,3472
1010,1550
1011,2486
1012,3694
1013,487
6792,3196
1015,3249
2403,316
1017,827
1017,315
1017,1008
1018,2394
1019,1568
1020,2728
1021,1603
1022,3242
1023,638
1024,2790
5453,97
1026,2782
1027,3651
1028,3292
1029,3406
1030,3215
1031,868
1032,3608
1033,373
1034,1981
1035,2624
1036,2793
1037,2027
1038,3160
1039,613
1040,1772
1041,496
1042,3381
1044,2977
1045,2975
1046,1131
1047,1097
1048,98
1049,667
1050,1982
1051,740
1052,3525
7336,1304
1054,1801
6438,2135
1056,3142
1057,2730
1058,1419
4929,896
1060,711
1061,2889
1062,1071
1063,2113
1064,3694
1065,965
1066,2093
1067,3743
1068,1139
1578,1384
1071,543
1071,282
1071,3316
1072,803
1073,3027
1977,1321
1075,3215
1076,396
1077,3537
1078,1725
1079,2310
1080,685
1081,2490
1082,3694
1083,1205
1084,2143
1113,2065
1087,499
1088,1475
1089,3312
1090,2261
1091,789
1092,1504
1093,1212
1094,3694
1095,1350
1096,985
1096,522
1097,1638
1098,3148
1099,1276
1100,2877
1101,3694
1102,2266
1103,2940
2449,1836
1105,1795
1106,1356
4597,922
1108,2623
1109,3681
1110,3738
1111,2084
1112,2377
1114,915
1114,2228
1115,1695
1116,1262
1117,2260
1118,604
1119,1325
1119,10
1119,1488
1120,294
1121,1688
1121,755
1122,3169
1123,2744
1124,2846
5380,1465
7325,2081
1127,996
1128,2483
1129,3278
1130,1521
1131,316
1132,3254
1133,2924
4618,1579
1135,3576
1137,2429
1138,2594
1139,1492
1140,1975
1141,1629
6927,335
1143,1431
1143,2757
1144,598
3389,997
1146,2135
1147,1682
1148,3795
1149,384
1149,1092
1150,423
1151,84
1152,516
1152,164
1152,2968
1234,3582
1154,3299
1155,3476
1156,3248
1157,1619
1157,3588
1158,3522
1159,1123
1160,3095
1161,296
1163,53
1164,3320
6886,411
1166,3172
1167,2233
1168,2058
1169,1641
1170,3215
1171,2227
1172,274
1173,3694
1174,1117
1175,3694
1176,2490
1177,844
1178,3059
2031,205
1180,2670
1181,1532
1182,2075
1183,2597
1183,1805
5478,3743
1185,1785
3013,2858
1187,1036
1189,2669
1190,3694
1191,3817
1192,1056
1193,305
1194,1494
1195,1559
1196,966
1197,1595
1198,3232
1199,1493
1200,3694
1201,2607
1202,3694
6962,2821
1204,1763
1205,118
1206,3694
1207,2970
1208,3251
1209,2961
1210,2597
1211,50
1212,1188
1213,1283
1214,2398
1215,18
1216,1304
1217,2299
1218,1298
1219,2714
1220,2058
1221,3755
1222,3694
4569,30
1224,2769
1225,2970
2222,2601
1227,2838
1228,88
7383,2940
1230,2113
1231,936
1354,2135
1233,3710
1236,1411
1237,1017
1238,2979
1238,944
5917,2428
1240,1282
1241,3006
1242,2113
1243,2370
1244,1017
1245,827
1246,2874
1247,22
1248,2039
5866,256
1250,1965
1251,3212
1252,2793
1253,706
1254,2394
1255,2265
1256,1812
1257,2135
1258,3694
1259,3694
3407,985
1261,1153
1262,3845
4262,4
1264,1016
1265,374
1266,2924
1267,3355
1268,3694
1269,3866
1270,1700
1271,1062
1272,1990
1273,1139
1274,3368
1275,2788
1276,2840
1277,3542
1278,1224
1279,1982
1280,1772
1281,3846
1282,2394
1283,1110
1284,3826
1284,3172
1285,503
1286,1456
1287,395
1288,2504
1289,1455
1290,534
1291,1397
1292,1141
1294,1591
1295,3694
1296,2756
1297,2940
1298,161
1299,2976
1300,2470
1301,343
1302,1630
1303,2994
1304,2957
1305,1933
1306,2405
1307,503
5562,2004
1309,3694
1310,2490
1311,3519
1312,1904
1313,79
5548,2717
1315,1031
1316,2533
1317,2078
1317,2077
1317,2817
1318,3499
1319,3435
1320,3437
1321,3694
1322,2842
1323,2283
1324,1805
1325,3670
1326,1728
1327,3095
1328,3694
1329,982
4776,2004
1331,3063
1332,3466
1333,2468
1334,3248
1335,1860
1336,2771
1337,3565
2678,238
1339,2469
1340,747
1519,369
1342,840
4237,3851
1344,290
1345,2227
1346,2760
1347,3246
1348,3694
1349,1057
1349,1985
1350,1429
1351,824
1352,2129
1353,2599
1355,3839
1356,1962
1357,2937
1358,2614
1359,696
1360,3598
1361,2534
1362,2502
1363,949
1364,31
3469,152
1366,159
1367,875
3783,3561
1369,3753
1370,3534
1370,922
1371,598
1372,2310
1373,3412
1801,1406
1375,1090
1376,1090
1377,75
1378,3522
1379,3032
1380,910
1381,3686
1382,3801
1383,1941
2990,3421
1385,1926
1386,2646
1387,1409
6800,50
1389,256
1390,2012
1391,2188
1392,1726
1393,2994
1394,1154
1395,1681
1396,2506
1397,1555
1398,3522
1399,3036
1401,548
4440,2273
1403,53
1404,2745
1405,3397
1406,2863
1407,2050
2849,455
1409,3826
1410,1104
1411,2348
1412,833
1413,305
1413,550
1414,617
1415,34
1416,1966
1417,934
1418,2619
1419,2386
1420,2286
1421,887
1422,1224
1423,2405
4540,1065
1425,1305
1426,716
1427,2317
1428,53
1429,2242
1430,1643
1431,2280
1432,2170
1433,50
1434,2119
1435,194
1436,3694
1437,2081
6031,3172
1439,1503
6623,2470
1441,3460
1442,759
1443,3662
1444,2813
1445,1603
2869,598
1447,2957
1447,906
1447,1881
1448,809
1450,55
1451,1996
1452,3592
3291,862
1454,3417
1455,347
1456,3215
1457,1740
1458,222
1459,1620
1460,3786
1461,2375
1742,1751
1463,729
5516,997
1465,2119
3660,1751
1467,2636
1467,3030
1468,1375
1469,2574
1470,2376
1471,2568
1472,303
1473,645
1474,2970
1475,1871
2680,855
1477,3607
1478,3629
1479,3457
1480,2099
1481,2947
1482,1847
1483,343
1484,3694
1485,1033
1486,3167
1487,1949
1488,3341
5130,3662
1490,312
1491,2519
1492,896
1493,3235
1494,3578
1495,2172
1496,2858
2249,3099
2249,3436
1498,161
1499,1750
1500,2806
1501,3690
1502,951
1503,142
1504,2127
2863,302
5348,1162
1507,3131
1508,2143
1508,310
1509,1975
1510,2234
1511,1736
4086,1542
1513,404
1514,622
1515,2732
1516,603
1517,3682
1518,687
1520,3605
1521,1805
1947,3837
1947,2109
1947,1301
1523,3525
1524,3694
1525,3694
1526,3837
1526,1938
1527,3598
1528,1470
1529,3436
1530,3477
1531,1126
1532,3207
1533,1790
1534,2961
1534,2497
1535,2013
1536,1572
1537,212
1538,2692
1880,1492
1540,161
1541,1092
1542,3004
1543,930
1544,3763
1545,875
1546,1693
1547,1156
1548,1521
1549,192
3154,551
3154,1101
1551,2135
1552,1025
1553,1978
1554,1413
1555,2954
1556,3558
1557,2957
1559,572
1560,2722
1561,2799
1561,2798
2015,2499
1563,2394
1564,175
1565,3694
1566,3248
1567,1160
1568,609
1569,3462
1570,211
4842,243
1572,314
1573,496
1574,161
1575,742
1576,3694
1577,2371
1579,2952
1580,702
1581,82
1582,1926
1583,2405
1584,1805
1585,189
1586,775
1587,3549
1588,2231
1589,1031
4634,1027
1591,990
1592,798
1593,581
1594,3341
1595,1198
1595,1386
1596,2540
1597,1910
6845,1585
1599,3603
1600,448
1601,1843
1602,1514
1603,3012
1605,3348
1606,268
1607,1975
1609,3685
1610,2947
1611,1271
1612,92
1613,3605
1614,615
1615,3664
3482,2332
1617,3119
1618,410
1618,3134
1619,1641
1620,1255
1621,1198
1622,2435
1623,930
3981,957
1625,3694
1626,1559
1627,1221
6080,1641
1629,1642
1630,2201
1631,2538
1632,1969
1633,2151
1634,3309
4580,3390
7126,1025
1637,3276
1638,1927
1639,2446
1640,455
3027,3248
7081,3868
1643,3157
1644,1016
1645,844
1646,1838
1647,2078
1647,2077
1647,2817
1648,1605
1649,2193
1650,2662
1651,1063
1651,193
1651,818
1652,3694
1653,3523
1654,1332
1654,351
1654,3068
1655,466
1656,1728
1657,3589
1658,3248
1658,1332
1659,2595
1660,461
2613,2745
1662,2431
1663,2531
1664,888
1665,1776
1666,1678
1667,3711
1668,2624
6578,455
1670,1672
1671,181
5027,455
1673,816
1674,3213
1675,3828
1676,2695
1677,2467
1678,3606
1679,19
1680,2219
1681,3136
1682,584
1683,1433
1684,1618
2772,2619
1686,491
3208,3060
1688,3347
1689,2407
4208,2218
3745,559
3745,2200
1692,373
1693,1338
1694,684
1695,3160
1696,3603
1697,665
1697,3834
1698,1302
1699,3749
1700,2253
1701,2358
1701,2357
1702,1627
1703,3372
1704,2274
1705,917
1706,1067
1707,3019
4270,1542
5475,2066
1710,3095
2131,79
1712,3694
1713,272
1714,907
1715,1140
1716,2499
1717,1763
6251,2618
1719,3358
1720,515
1721,1249
1722,1224
1724,2932
1725,1604
1726,188
4743,127
1728,3101
1729,151
1730,2872
1731,3368
1732,2073
1733,3397
2823,1726
1735,289
1736,3694
1737,3772
1738,3436
1739,2573
1740,1975
1741,3856
2028,274
1744,2554
1745,3272
1746,3099
1747,3654
1748,2957
1749,1025
1750,2061
1751,691
1752,1504
1753,2597
1754,3694
1755,2397
1756,1040
1757,2475
1758,3008
1759,684
1760,2728
2774,895
1762,2152
1763,2463
1764,1559
1765,3694
1766,1017
1767,1858
1767,2470
1768,2255
1769,2009
1770,3020
1771,2657
1771,5
1772,3694
1773,1237
1774,1514
1775,1938
1776,3694
2647,1106
1778,1085
1779,3018
1780,309
1781,3422
1782,1085
1784,2534
4557,1557
1786,926
1787,3453
1788,2748
1789,2387
1790,2903
1791,21
1792,3683
1793,3228
1794,1013
1795,4
1892,827
1797,3377
1798,852
1799,1016
1800,3834
1802,797
1803,3544
1804,134
1805,3554
1806,827
1806,192
1806,681
1807,2234
3609,321
1809,2313
1810,3449
6607,2201
1812,2652
1813,2467
1814,317
1815,1926
1816,60
1817,163
1818,2630
1819,2946
1820,523
1821,396
1822,3589
6669,1428
3940,1542
1825,3269
1826,3579
1827,866
1828,3694
1829,3694
6159,3264
1831,1351
1832,3214
1833,2399
1834,2946
1836,521
1838,1212
1839,2911
1840,684
1841,631
1842,2429
1843,3140
1844,1766
1845,267
1846,1579
1847,1130
1849,1231
1850,262
1851,3694
1852,1676
1853,907
1854,2114
1855,2596
1856,2360
1857,1523
1858,3172
1858,493
1858,2499
1859,726
1861,1604
1862,2213
1863,3694
1864,3694
1865,726
1866,1835
1867,808
1868,1825
3971,1987
1870,408
1871,3661
1872,1300
1873,623
1874,667
1875,2666
1876,2957
1877,1415
1878,2356
1879,662
1881,1514
1882,1003
1882,1444
1883,1719
1884,1183
1885,2783
1886,2597
1887,615
1888,3525
1889,1847
1890,2630
1891,3239
4688,1567
1894,3694
1895,3742
1896,3011
1897,985
1897,2041
2513,2261
1899,3752
1941,2503
1902,821
1902,3430
2432,2728
1904,2382
1905,3694
1906,3069
2540,50
1908,84
1909,1442
1910,3745
1911,323
1912,1841
1913,3435
1914,369
1915,1016
1916,2970
1917,3755
1918,3243
1919,3694
1920,1579
1921,2113
1922,2554
5778,2465
1924,1010
1925,3459
1926,405
1927,1
1928,3214
1929,3484
1930,809
1931,580
1932,720
1933,2308
1935,3065
1936,366
5057,1510
4627,1453
1939,90
1940,1654
1942,2643
2180,1680
1944,1143
1945,243
1946,3352
1948,2529
1949,3850
1950,2852
1951,2491
1952,2903
1953,2733
1954,2490
1955,2361
1956,985
1957,2946
1959,1925
1961,1549
1962,963
1962,983
1963,1514
5626,1561
1965,1858
1965,3753
1966,1984
2496,3606
1968,2534
1968,1960
1969,985
1969,343
1970,2589
1971,3172
1971,2940
6256,2018
1973,786
1974,2580
1975,205
1976,443
1978,2608
1979,1298
1980,2468
1981,3694
5949,2844
1983,3103
1983,526
1984,1069
3346,1726
1986,3694
1987,3694
1988,3574
1988,2888
1989,3040
1990,3654
1991,2474
1992,626
1993,2940
1994,30
1995,2170
1996,2104
1997,1350
7358,1992
1999,1023
2000,2469
2001,808
4596,1532
2003,2430
2004,1611
2005,1626
5551,2135
2007,1814
2008,726
2009,3694
2010,796
2011,2483
2012,2923
3695,2499
2014,1713
2016,3694
2017,1362
2018,3145
2019,1568
2020,1131
2021,2524
2022,2043
2023,2891
2024,3430
2025,2643
2026,936
2027,2793
2029,1356
2030,2143
2030,1812
2032,550
2033,392
2034,3694
2035,1032
2036,44
2037,3051
2038,2375
2039,649
2040,3678
4711,2853
2042,3647
2043,3694
2044,1505
2045,827
2046,1561
2047,88
2048,3751
2049,684
6882,961
2051,1242
2052,1858
2052,243
2052,2876
2053,3478
2054,3754
2055,888
2055,3507
2056,159
2057,3603
2058,3471
2059,1055
2059,1832
2060,1114
2061,1850
2062,30
2063,2906
2064,3694
2065,2113
2066,2534
2067,3363
4486,985
2069,448
2070,1000
2071,867
2072,3034
2073,3284
2074,914
2075,2511
2076,230
2077,3334
2078,283
2079,2808
2080,3460
2081,3100
2082,2684
2083,2606
2084,3646
2085,2916
2086,1156
2087,2505
2088,684
2089,2570
2090,1858
2090,1433
2091,2162
2092,1759
2093,626
2094,90
2095,3386
2096,3195
2097,3787
2098,149
4968,2432
2100,1782
2101,1933
4823,3364
2103,252
2104,3694
2105,2470
2106,1537
2107,225
2108,2551
2109,1229
2110,957
2111,1032
2112,208
2113,3318
2114,494
2115,1316
2116,3009
2385,2483
2118,3455
2119,2320
7237,144
2121,1903
2121,3647
2122,1978
2123,516
2123,827
2124,827
2124,2957
2125,2365
2126,462
2127,2428
2128,2654
2129,3524
2130,936
3591,1726
2133,442
3829,1139
2135,2296
2136,1016
7093,2833
2138,1718
5678,3460
2140,2438
2141,2365
2143,2426
2144,2238
2145,3694
2146,2692
2147,761
2148,1908
2149,3168
2150,2142
2151,3694
2152,1316
2152,2852
2153,3538
2154,1017
2155,87
2156,3446
2157,1949
2158,478
2159,1016
2160,1843
2161,660
2162,1481
2163,2722
2164,878
2165,1667
2166,2147
2166,1634
2167,274
2168,1281
2169,1519
2170,3460
2171,1020
2171,1887
2172,1063
2172,193
2172,818
2173,3694
2174,2483
2174,3770
2175,1772
2176,3694
2177,532
2178,3177
2181,1926
2182,949
2183,2664
4294,2214
2186,3173
2187,3555
2188,3609
2189,1516
5520,2136
2191,3694
2192,1336
2193,1784
2194,3456
2195,2028
2195,2105
2196,462
2197,1187
2198,2375
2199,1883
2200,1860
2201,2585
2202,1961
2203,1971
2204,316
2205,417
2206,1209
2207,848
2208,3694
2209,3643
2210,2129
2210,2260
2211,1895
2212,1347
2213,2185
2215,606
2291,3472
2217,858
2218,316
2219,3694
2220,1792
2221,3136
2223,1637
2224,798
2225,2220
6727,1058
2227,3675
2228,3421
2229,3686
2230,805
2231,1860
2232,389
2233,1775
2234,121
2235,3537
2236,1672
2237,1244
2238,671
2239,2986
2240,2685
2241,1376
2242,3707
2243,2617
2244,3694
2245,1025
2246,2483
2247,2623
2248,2762
2250,3694
2251,2193
2252,1834
2253,316
2254,1857
7034,1785
2394,2356
2257,3149
2258,1016
2259,221
2260,3551
7442,1874
2262,3258
2263,726
2264,3172
2265,2766
2266,2469
2267,1282
2268,667
2269,1933
2270,1274
2271,3506
6179,1805
2273,2743
2274,667
2275,2405
2276,1821
2277,3753
2278,3107
2279,8
2280,3694
2281,3410
2282,1860
2284,1196
2285,2692
2286,2843
3464,719
2288,2322
2289,951
2290,1195
2292,607
2292,1975
2293,1394
2294,141
2295,606
2296,3436
4758,865
2298,1782
7043,2592
2300,3234
6874,2733
6874,827
6874,1434
2302,316
2303,770
2303,464
2304,3289
2305,2152
6769,1736
2307,1385
2308,3694
2309,699
2311,2218
2312,812
2365,1728
5105,3602
2315,3694
2316,3694
2317,3157
2318,3821
2319,3694
2320,30
2321,462
2323,667
2826,1931
2325,274
2326,1319
2327,1726
2328,2401
2329,2214
2330,1958
2331,3753
2332,204
2333,1986
2334,1352
2335,192
2335,2394
2335,2031
2336,548
2336,910
2337,3694
5500,24
2339,1568
2340,2500
2341,135
2343,1042
2344,2154
2345,2787
2346,3833
2347,782
2348,3863
2348,2164
2349,664
2350,1884
2351,2316
2352,2699
2353,3694
2354,198
2355,3027
2356,3800
2357,2793
2358,2967
2358,957
2359,2365
2360,1622
2361,403
2362,2327
2362,2085
2362,2612
2363,1033
2364,3662
2366,659
2367,2260
2368,2858
2369,2317
2370,2108
2371,1420
2372,2655
2372,161
2373,3546
2374,2052
2375,3582
2375,1681
2375,2733
2376,905
2377,2444
3427,2483
2379,3694
2380,3694
2381,3214
2382,578
2383,360
2384,1230
2386,2014
2387,396
2388,698
2389,449
2390,3215
2391,2914
2392,907
3265,2480
2395,1097
2396,3637
2397,2428
2398,3694
2399,2470
2400,2436
2401,2674
2402,2915
2404,2678
2405,1016
2553,2835
2553,2326
2407,2996
2408,1418
2409,389
2410,3566
2411,2236
2412,1459
2412,1965
2413,424
2414,2664
2415,2269
2416,3637
2417,1963
2418,3694
2467,343
2420,1682
2421,857
2422,3576
2423,3694
2424,2668
2425,3460
2426,373
6941,2407
2428,794
2429,557
2430,665
2430,803
2431,2897
2431,723
2433,1298
2434,2800
2434,1555
2434,2077
2435,1091
2435,1637
2436,2550
2437,1521
2438,432
2439,1016
2440,3467
2441,3223
2442,2425
2443,3526
2444,1772
2445,598
2446,1674
4314,3868
2448,3837
2450,3385
2451,1395
2452,598
2453,1584
2454,161
2455,1681
2456,866
2457,3694
2458,1126
2459,202
2460,3406
2461,1012
2462,599
2463,1459
2464,2624
2465,3694
2466,3694
2468,1702
2470,2565
4359,3060
2472,376
2473,3040
5126,2143
2475,1016
2476,1106
2477,3522
5632,904
2479,529
2480,2470
2481,3694
2482,3215
2483,3593
2484,1141
2485,252
2486,572
2487,3694
2488,320
2489,3413
2490,1017
2491,3862
2492,951
6731,3215
2494,766
2495,3168
2495,2031
2497,572
2498,3460
2662,3809
2662,750
2500,2657
2500,681
2501,3694
2503,785
4140,2469
2505,725
2505,3098
2505,2341
2506,2914
2506,2470
2506,3795
2507,3523
2508,214
2509,1051
2510,1500
7290,2483
2512,3066
2514,3695
2515,949
2516,3493
6551,2619
5680,867
2519,3297
2520,3129
2521,1162
2523,801
2524,3521
2525,2692
2526,3436
2527,1342
2528,985
2529,1000
2530,108
2531,1137
2532,588
2533,2226
2534,1123
2535,2654
2536,552
5350,3529
5221,205
2542,3286
2543,3746
2543,1876
2544,3262
2545,1521
2546,3424
2547,2946
2548,726
2549,1966
2550,3329
2551,3694
2552,3775
2554,1013
2555,11
2556,1818
2557,3203
2558,2143
2558,827
2559,3465
2560,850
2561,1017
2562,1357
2563,3694
2564,1099
2565,3753
2566,2826
2566,769
2567,1267
2568,2853
2569,2852
2569,867
2570,3273
2571,623
3240,3632
2573,1884
2573,2470
2573,1340
2574,3662
2575,665
2575,867
2576,1751
2577,3704
2578,515
2579,1059
2580,1878
2581,343
2582,1772
2583,906
2583,1327
2584,3340
2585,3694
2586,3777
2586,598
2587,100
2588,337
2589,2113
2590,290
2591,3694
2592,597
2593,3694
2594,1495
2595,820
2596,3051
2597,665
2597,3619
2597,3741
2598,1822
2599,782
2600,2985
2601,1774
2602,2565
2603,3652
2604,3736
2605,872
2606,616
2607,1752
2608,3719
2609,1921
2610,204
2611,2448
2612,3306
2614,1655
2615,2078
2615,2077
2615,2817
2616,3714
2617,3615
2618,3006
2619,1837
2620,2360
2620,3760
2621,3694
2622,3442
2623,3582
2624,1330
2624,1301
2624,3837
2625,638
2626,3112
2627,989
2628,1148
2629,3664
3325,1686
2631,2483
2632,816
2633,2752
2634,2273
2635,1160
2636,3306
2637,2593
2638,303
2639,138
2640,1889
2641,2594
2642,3049
2643,2338
2644,205
2644,1726
2645,3074
2646,2914
2648,906
2649,2216
2650,3382
3160,1619
3160,2070
2652,2008
2653,243
2654,1038
5393,396
2656,1616
2657,1912
2658,407
2658,951
2659,1542
2660,740
2661,326
2663,2078
2664,3172
2665,316
2666,3650
2667,1122
2668,3694
2669,2027
2670,885
2671,1875
2672,2864
2673,284
4287,455
2675,192
2675,2394
2676,2893
2677,665
2677,2025
2679,2343
2681,1638
2681,3808
2682,2013
2683,2643
2684,3509
2685,3345
2686,2196
2687,3694
2688,1642
2689,3458
2690,1085
2691,2133
2692,1230
2693,3694
2694,2268
2695,3172
2696,1912
2697,115
2698,1036
2699,3854
2699,3780
2700,3842
2701,13
2702,726
2703,415
2704,137
2704,867
2704,3850
2705,1798
2706,3694
2707,1368
6398,1901
2709,2154
2710,2252
2710,950
2711,3694
2712,488
2713,2994
2714,2940
2714,1812
2715,3577
2716,1745
2717,2955
2718,1116
2719,638
2720,3246
2721,3694
2722,1097
2723,3472
3774,1131
4635,3603
2726,2928
2727,1018
2728,3245
2729,3700
2730,136
2732,2831
2732,3826
2733,147
2734,2024
2735,1641
3858,1785
2737,2391
2738,3647
2739,3694
2740,3694
2741,699
2742,244
2743,2906
2744,38
2745,3694
2746,2135
2747,2914
2748,1903
2748,694
2749,1085
2750,3310
2751,204
2752,2138
2752,1682
2753,3687
2754,243
2755,2914
2756,3350
2758,2143
2758,957
2759,1222
2760,1642
2761,1808
2762,2165
2763,3351
2764,2654
2766,2664
2767,3749
2768,3694
2769,2745
2770,317
2771,1208
2773,2497
2775,3617
2777,2904
2778,2090
2779,906
2780,1554
2781,985
2782,2467
2783,3694
2784,2555
5323,400
2787,3694
2788,2454
2789,3356
2790,1276
2791,1316
2792,2887
2793,410
2793,3134
2794,1136
2794,612
2795,1056
2796,635
2797,3788
2798,1141
2799,1829
2800,3738
2801,3490
2802,3694
6412,2465
2804,3436
2805,2048
2806,3694
2807,805
2808,1121
2809,1269
2810,1965
2811,2940
5623,976
2813,1348
2814,1017
2815,669
2816,3664
2817,1619
2818,192
2818,1741
2818,897
2819,1941
2820,2032
2820,400
2972,1025
2822,1469
2824,238
2825,2560
2827,608
2827,3026
2828,1362
2829,2542
2830,2619
2831,1429
2832,3723
2833,2335
2834,2384
2835,235
2836,809
2837,967
2838,163
2839,632
2840,1360
2841,1687
2842,3156
2843,509
2844,503
2845,1086
2846,1542
2847,1860
2848,3415
6930,3837
6930,107
2851,887
2852,2790
2853,1316
2854,486
2855,1017
2856,820
2857,2244
2858,1458
2859,60
2859,3619
2859,49
2860,107
2861,2620
2861,3848
2862,276
2864,530
2865,1490
2866,3460
2867,1356
2868,716
2870,3826
2870,2957
2871,155
2872,13
2873,1262
2874,685
4760,516
2876,1293
2877,316
2878,2304
2879,2213
2880,1884
2881,1341
2882,3381
2883,3390
2884,2410
2885,1130
2886,1330
2887,1028
2888,1317
2889,2994
2890,2771
2891,2879
2892,162
2893,564
2894,1542
2895,300
2897,1375
2898,1858
7267,2703
7267,2657
2900,3222
2901,3219
2902,3633
2903,3484
2904,30
2905,1669
2906,1287
2907,867
2957,2643
2909,1131
2910,2231
2911,1670
2912,3834
2913,223
2913,1201
2914,2113
2915,2714
2916,57
2916,238
2917,3662
2918,3474
2919,3826
2920,1519
2921,685
2922,2840
2923,2716
2924,1045
2925,2772
2926,3187
2927,423
2928,2244
2929,808
2930,529
2931,1638
2932,1725
2933,1630
2934,3694
2935,255
2936,574
2937,2419
2938,541
6032,1559
2940,3479
2941,2643
2942,249
2943,1926
2944,3534
2945,3694
2946,365
2947,3694
5609,1561
2949,886
2950,2119
2951,2984
2953,838
2954,2776
2955,2214
2956,556
2958,866
2959,1157
2960,1247
2961,3727
2962,2306
2963,3694
2964,365
2966,3694
2967,2260
2968,1917
2969,844
2970,2286
2971,192
2973,2038
2974,1726
2975,20
2976,3151
2976,964
2977,504
2978,3173
2979,2624
2980,1349
2981,2914
2982,6
2983,2347
2984,531
2985,3694
2986,3694
2987,3489
2988,3694
2989,3602
2991,2173
2992,2924
2993,981
2993,3774
2994,3639
2994,2914
2995,684
2996,2692
2997,699
2998,1479
6556,957
3000,2618
3001,1770
3002,858
3670,760
3004,2113
3005,820
3006,1812
3006,2437
3007,450
3008,2214
3009,2375
3010,2548
3011,2901
3012,685
3014,1225
3015,3753
3016,3243
3017,1858
3017,936
3018,1740
3019,3161
3020,2270
3021,1941
3022,3331
3023,1728
3024,2483
3025,866
3026,2095
3028,555
3030,1316
3031,1000
3032,1677
3033,1784
3034,1938
4024,1025
3036,2054
3037,1847
3038,518
3039,3390
3040,1521
3040,2442
3041,3738
3042,2244
3043,2135
3044,2914
3045,1199
3047,2836
3048,1166
3049,2793
3050,3233
3051,3776
3052,2880
3053,3598
3054,985
3055,244
3056,1009
3057,3440
3058,2231
3059,3531
3060,915
3061,2946
3062,3694
3063,1269
3064,2084
3065,3752
3066,3148
3067,3194
3068,1407
3069,3094
3070,684
3071,3009
3072,3251
3073,2095
3074,491
3075,3837
3076,2453
3077,2914
3078,3749
3079,365
3079,1726
3080,1258
3081,2745
3082,1351
3083,1386
3084,73
3085,1285
3086,598
3087,1896
3087,2113
3087,760
5790,1065
3089,396
3090,3662
3091,2618
3092,2643
3093,175
3095,2275
3096,1856
3097,84
3098,457
3099,2561
3100,51
3101,12
3102,3116
3103,547
3104,3181
3105,3861
3106,3118
3107,349
3108,1490
5298,1939
3110,290
3110,1852
3111,2987
3112,1999
3113,3694
3114,411
3115,1799
3767,597
3117,3694
3118,3095
3119,3694
6872,3172
3121,2508
3122,3851
3123,1089
3124,3694
3125,3356
3126,2930
3127,863
3128,3202
3129,3193
3130,3013
3131,373
3132,710
3133,2619
3134,1995
3135,1800
3136,548
3136,1013
3137,2747
3138,76
3139,3049
3141,823
3142,762
3142,1948
3143,938
3143,2116
3144,335
3145,713
3146,2713
3146,2898
3147,1572
3148,3215
3149,2398
3150,2909
3151,360
3152,2346
3153,3595
3155,3194
3156,2385
3157,2262
3158,2728
3159,3525
3161,2863
6601,1136
3163,989
3164,3253
3166,3043
3978,3073
3168,1493
3169,516
3169,164
3169,2968
3170,450
3171,3694
3172,713
3173,203
3174,1320
3175,2211
3176,3822
3177,2741
3178,1230
3179,781
3180,2754
3181,1521
3182,1031
3183,2828
3183,1434
3184,126
3185,951
3186,2684
3187,2763
3188,3575
3190,2309
3191,3522
3192,918
3193,782
3194,2286
3195,1816
3196,1531
3197,2851
3197,1805
3198,1942
3199,471
3200,1150
3201,1751
3202,1543
3203,503
3204,3324
3205,1975
3206,205
3499,517
3209,3196
3210,1362
5210,1381
3212,3123
3213,3619
3214,151
3215,3354
3216,3082
3217,3694
3218,238
3219,3844
3220,902
3221,1574
4167,1311
3223,774
3224,2743
3225,1141
3226,3686
3227,843
3228,3199
5218,742
3230,2528
3231,606
3232,1520
3233,1655
4702,2982
3235,2407
3236,1153
3237,3353
3238,2365
3239,1337
3241,2244
3242,1239
3243,2515
3244,3555
3245,966
4695,503
7467,243
3248,485
3249,3791
3250,694
3251,737
3252,479
3253,3527
3254,1966
3255,2372
3256,2129
3256,3238
3257,2135
3258,3563
3259,1415
3260,3026
3261,3647
3262,2619
7101,3365
3264,2375
3266,1362
3268,3033
3269,1869
3270,576
3271,2083
3272,1619
3273,3213
3274,2936
3275,3170
3276,985
3277,2776
3278,402
3279,3211
3280,3135
3280,1640
3281,2538
3282,3551
3283,75
3284,2468
3284,2025
3285,1433
3286,2667
3287,1060
3288,3452
3289,3223
3290,161
3292,1108
3293,2260
3294,905
3295,1665
3296,1353
3297,1726
3298,130
3299,303
3300,1033
3301,1535
3302,276
3303,1376
3304,2503
3305,2643
3306,1772
3307,1772
3308,3522
3309,2646
3310,1729
3311,2789
3312,1675
3313,2231
3314,2730
3315,1316
3316,3172
3318,1350
3319,2254
3320,613
3321,1237
3323,3194
3324,2520
3326,1943
3327,1465
3328,607
3329,204
3330,1629
3331,2666
3331,2483
3332,1734
3333,3415
3334,486
4906,1982
5922,1949
3337,2255
3338,3426
4908,517
3340,372
3341,3694
3342,3437
3343,3215
3344,2469
3345,1779
3347,1659
3348,3664
3349,2733
5652,3075
3352,3341
3353,3694
3354,30
3355,23
3356,1423
3357,3777
3358,1241
3359,281
3360,1669
3361,3518
4834,1069
3363,2763
3364,1836
3365,773
3366,1963
3367,3817
3368,227
3369,2942
3370,244
3371,3694
3372,3437
3373,2433
3374,2518
3375,1304
3376,1306
6521,3530
3378,3400
3379,954
3380,1316
3381,30
3382,2293
3383,381
3384,3201
3385,408
7394,2297
3388,1111
3390,3637
3390,1328
3391,3496
3392,1118
7418,3781
3394,3460
3395,503
3396,235
3397,565
3398,3624
3399,3292
3400,3694
3401,1559
3402,3114
3403,3617
3404,2602
3405,3111
3406,1185
3408,3299
3409,3744
3410,2858
3411,1366
3412,2074
3413,3375
3414,1178
3415,845
3416,1146
3418,675
3419,1130
3420,2800
3421,3603
3422,2850
3423,979
3424,2059
3426,3272
3428,1097
3429,433
3430,1553
3431,3183
3432,3015
3433,2585
3434,3130
3435,3728
3436,1351
3437,1669
3438,364
3439,453
6694,1418
3441,623
3442,3694
3443,1959
3444,2894
3445,3207
3446,1710
3448,3664
3449,3016
3450,2651
3451,2327
3452,2448
3453,2961
3453,1006
3454,1158
3876,3311
3456,423
3457,412
3458,3209
3459,1817
3460,1745
3461,3694
3463,3694
3465,2129
3465,550
3466,1760
3467,2643
3468,2004
3470,3694
3471,343
3472,3006
3473,867
3474,3248
3475,3694
3476,1279
3477,1016
3478,804
4723,1376
3480,3217
3481,478
3483,1368
3484,262
3484,3076
5250,2933
3486,1230
3487,2321
3488,3664
3489,3294
3490,568
3491,2135
3492,894
3493,174
3494,1604
3495,316
3496,2270
3497,3409
3498,1685
6996,1013
3501,778
3502,3472
3503,430
3504,1070
3505,3558
3506,3025
3507,1630
3508,2654
3509,2635
3510,3543
3511,1975
3512,2800
3513,2763
3514,319
3515,103
3516,2345
3517,3248
3518,1198
3519,3721
3520,2649
3521,2663
3522,2348
3523,98
3525,3172
3526,2376
3527,3056
3528,567
3529,263
3529,1600
3530,25
3531,3454
3532,1106
3532,1373
3532,109
3533,3844
3534,2354
3534,15
3535,1100
3536,1988
3537,1187
3538,3009
3539,854
3540,778
3541,3728
3542,906
3542,2999
3543,3172
3544,216
4539,3694
3546,2561
3801,390
3548,3474
5865,1311
3550,221
3551,3002
3552,2084
3553,454
3554,2518
3555,3341
3556,58
3558,1723
3559,1559
4910,26
3561,2940
3805,1013
3563,939
3564,2551
3565,1982
3566,2549
3567,1642
3568,992
3569,2540
3570,530
3571,752
3572,146
3573,251
3574,939
3575,2942
3576,3764
3577,3499
3578,3694
3579,3694
3580,1884
3581,1965
3582,1072
3583,3250
3584,949
3585,2414
3586,3372
3587,104
3588,1400
3589,441
3592,261
3593,2104
3594,2658
3595,2723
3596,2143
3596,843
4913,3855
3598,1503
3599,1493
3600,2389
3601,1627
3602,3759
3603,3579
3604,1756
3605,3027
3606,2167
3606,2434
3607,3821
3608,1090
3610,2534
3611,3504
3611,1240
3611,112
3612,2227
3613,2260
3613,3094
3614,1331
3615,259
3616,3362
3617,3293
3618,2253
3619,559
3620,1017
3621,3694
3622,1769
3623,2972
3624,2086
3625,3694
3626,3498
3626,2097
3627,2628
3628,115
3629,2091
3630,3694
3631,1641
3632,1884
3633,3368
3634,72
3635,3190
3636,381
3637,3227
3638,2194
3638,1926
3639,2338
3642,1884
3642,482
3643,3292
3644,1316
3645,1726
3645,3849
3646,1855
3647,2947
3648,1394
3649,3663
3650,1017
3651,3694
3652,1763
3653,3320
3654,665
3655,2231
3656,3597
3657,1567
3658,3215
3659,2585
3661,2077
3662,2610
3663,1677
3664,3664
3665,2946
3666,3688
3667,715
3668,2392
6235,2601
3671,510
3672,2718
3673,2467
3674,1016
3675,2858
3675,2437
3676,1142
3677,2470
3678,1493
3679,239
3680,1881
3681,3707
3682,3694
3683,1965
3684,3663
3685,3425
3686,1514
3687,3023
3688,2588
3689,3364
3689,1726
3690,1652
3691,866
3692,2942
3693,243
3694,3317
3696,3534
3696,205
4268,3629
3698,830
3699,2485
3700,3560
3701,1225
3702,963
3703,871
3704,1986
3705,1559
3706,1081
3707,1375
3708,2825
3709,1259
3710,1433
3711,874
3712,1840
3712,1253
3713,19
3714,2049
3716,2554
3717,2809
3718,3053
3719,1938
3720,3694
3721,2024
3722,3168
3723,2499
3724,688
3725,3701
3726,200
3727,177
3728,130
3729,3305
3730,1595
3731,3789
3732,3589
3733,16
7362,2980
3735,290
3736,2690
3737,3409
3738,764
3739,2577
3740,1051
3741,698
3742,2468
3743,1263
3743,2132
3744,2993
3744,1793
3746,2210
3747,2087
3748,1925
3749,8
5418,1068
3751,1008
3751,3588
3752,2580
3753,114
3753,1737
3753,2887
3754,214
3755,3003
3756,3763
3757,730
3758,565
3759,1670
3760,3694
3761,3293
3762,929
3763,1406
3763,1316
3764,3694
3765,2369
3766,1680
3768,1965
7315,2972
3770,3605
3771,3694
3772,503
3773,2946
3775,1203
3775,3304
3776,1738
5181,3790
3778,447
3779,1749
3779,3132
3779,1812
5054,1066
3781,3172
3782,2406
3784,430
3785,1130
3786,2510
3787,2192
3788,2736
3789,3085
3790,2346
3791,2050
3792,957
3793,1521
3793,1172
6168,3535
3795,2692
3796,667
3797,3461
3798,3283
3799,290
3800,2527
3802,3448
3804,2170
3806,1864
3807,3259
3808,3101
3809,3571
3810,2724
3811,1758
3812,3755
3813,56
3814,3763
3815,3694
3816,843
3817,1031
3818,3694
3819,1837
3820,1884
3822,3525
3823,893
3824,457
3825,1671
3826,316
3827,1587
3828,3296
3830,3542
3831,3381
3832,3868
3832,2407
3833,740
3834,2020
3835,40
3836,3628
3837,3694
3838,75
3839,3125
3840,3241
3841,1280
3842,2610
3843,2162
3844,3582
3844,2073
3845,3331
3846,1341
4577,2483
3848,1937
3849,2871
5131,748
3851,611
3852,3694
3853,1597
3854,204
3855,3694
3856,179
3857,3715
3859,3694
3860,1884
3861,3612
3862,1884
3863,1092
3864,1511
3865,718
5760,1376
3867,3735
3868,2551
3869,3674
3870,711
3871,204
3873,650
3874,3162
3875,284
3877,3421
3878,277
3879,3319
3880,176
3881,797
3882,2330
3883,515
3884,2804
3884,2053
3885,2084
3886,670
3888,1415
3889,1647
3890,31
3891,3694
3892,3071
3893,161
3893,3635
3894,429
3895,2201
3896,3776
3897,367
3898,3694
3899,883
3900,268
3901,3145
4071,1377
3903,3554
3904,831
3905,3390
3906,3044
3907,207
3908,3779
5826,3694
3910,4
3911,3592
3912,3694
3913,1863
3914,2385
3915,1760
3917,1007
3917,2022
3918,608
3919,61
3920,2888
3921,1060
3922,1933
3923,458
3924,384
3925,1881
3926,1213
3927,1213
3928,2957
3929,939
3930,2623
3931,1655
3932,2260
3933,3627
3934,3694
3935,163
3936,62
3937,3418
3938,2039
3939,2425
3941,674
3942,53
3943,548
3944,2248
3945,1088
3946,949
3947,2201
3948,1101
3949,969
3949,1246
3950,3170
3951,1728
3952,1785
3953,1559
3954,2508
3955,679
3956,1275
3957,3729
3958,1173
6035,3021
3960,3558
3961,2863
3962,2596
3963,2763
3964,1139
3965,548
3965,957
3966,2461
3966,2754
3967,3421
3968,695
6007,2119
3970,3506
3972,79
3973,2940
3974,2763
3975,3585
3976,3059
3977,2113
3979,3346
3980,3515
3982,3694
3983,1127
4624,19
3985,827
3985,2470
3986,2370
3987,1379
3988,2585
5951,3095
3990,2217
3991,2597
3992,78
3993,2108
3994,2523
3995,1409
3996,3694
3997,2723
3998,614
3999,1165
4000,2244
4001,84
4002,2619
4003,161
4004,598
4005,2063
4005,878
4006,1527
4006,745
4006,1437
4007,1162
4008,1042
4008,718
4008,877
4009,405
7120,1189
4011,3703
4012,640
4013,512
4014,1965
4015,2113
4016,3534
4017,1544
4018,235
4019,284
4020,2717
4022,726
4023,2483
4025,565
4026,791
4027,3226
4028,725
4028,3097
4907,1822
4030,105
4031,3664
4032,1630
4033,2415
4034,2790
4035,1431
4036,2312
4037,2229
4038,808
4039,1167
4040,2261
4042,373
4043,3214
4044,1019
4045,3280
4046,3014
4046,2317
4047,3294
6300,3799
4049,1641
4050,3095
4051,53
4052,3199
4053,1560
4054,562
4055,1307
4056,3577
4058,2469
4059,3731
4060,2568
4061,2218
4062,3592
4063,1643
4064,2597
4065,2551
4066,2994
4067,2654
4068,3479
4070,1582
4072,995
4073,1740
4074,3760
4075,3592
4076,760
4076,1726
4076,2642
4077,397
4078,2487
4079,894
4080,1528
4081,1849
4082,3694
4083,2349
4084,761
7273,132
4088,1120
4089,772
4090,2791
4091,3082
4092,1049
4093,3136
4094,53
4095,2858
4096,3298
4871,3199
4098,1025
4099,481
4100,3411
4101,3299
4102,1316
4103,1323
4104,1304
4105,3579
7251,3829
4107,1842
4108,1220
4109,2245
4110,2468
4111,3040
4112,2946
5056,3688
4114,3078
4115,883
4116,442
4117,1719
4118,696
4119,108
4120,1309
4121,2914
4121,2676
4122,692
4123,3482
4124,2101
4125,161
4126,1063
4126,193
4126,818
4127,3546
4128,1237
4129,1035
4131,3434
4132,2754
4133,2079
4134,1813
4135,7
4136,1777
4137,612
4138,2735
4138,2418
4138,2303
4139,3389
4142,3157
4143,2187
4143,3403
4144,350
4145,2861
4146,2470
4147,882
4148,2596
4149,1649
4150,3694
4151,2654
4152,2623
4153,974
4154,700
4155,2262
4156,3694
4157,2576
4158,1293
4159,2260
4160,720
4161,2135
4162,1805
4163,284
4164,2062
4165,1120
4166,2759
4168,2331
4168,265
4169,2808
4170,115
4171,667
5541,3299
4173,2386
4174,1682
4174,1735
4175,3013
4176,2270
4177,1860
4178,2969
4179,3849
4179,548
4180,3369
4181,3522
4182,3514
4183,3744
4184,1863
4185,3686
4186,3702
4187,985
4187,633
4187,516
4188,161
4189,3662
4189,1298
5530,3582
5530,971
4191,374
4192,451
4193,1983
4193,165
4193,1335
4193,2072
4193,2225
4193,2535
4193,3010
4194,391
4195,2753
4196,2916
4197,1126
4198,506
4199,608
4200,540
4201,3596
4201,445
4202,1450
4203,2678
4204,2751
4205,446
4206,1686
4207,3783
4209,1884
4210,866
4211,3747
4212,136
4213,3451
4214,734
4215,1188
4216,3044
4217,3171
4218,2463
4219,2851
4220,1638
4220,3808
4221,1344
4222,3694
4223,1095
4224,685
4225,1166
4226,45
4227,2477
4228,2807
4229,380
4230,1656
4231,1800
4232,2695
4233,3694
4234,3465
4235,426
4236,503
4238,48
4239,3463
4240,3367
4241,699
4242,3649
4243,650
4244,1433
4245,3248
4246,13
4247,1728
4248,2029
4249,3619
4249,49
4250,272
5892,1358
4252,687
5324,1090
4254,968
4255,1975
4256,3617
4257,442
4258,3230
4259,1884
4260,2095
4261,2696
7130,19
4264,1465
4265,1316
4266,2045
4267,3694
4269,3690
4271,3694
4272,3135
4273,3450
4274,3694
4275,2929
4276,3460
4277,3483
4278,224
4279,1641
4280,1510
4281,1559
4281,1521
4282,2239
4283,2106
4283,2402
4284,1205
4285,1298
4286,2895
4288,296
4289,2456
4290,1658
4291,1800
4292,2483
4293,1017
4295,3231
4296,1933
4297,3156
4298,3335
4299,3553
4300,375
5187,3096
4302,2781
4303,1695
4304,1521
4305,3534
4306,2039
4307,3477
4309,860
4310,2731
4311,1273
4312,600
4312,1697
4313,986
4315,74
4316,302
4317,2643
4318,3205
4319,97
4319,2431
4319,897
4320,3694
4321,2095
4322,1384
4701,1585
4324,3355
4325,3248
4325,3793
4326,1017
4327,1923
4328,2525
4329,2555
4330,2722
4331,1321
4332,1743
4332,1780
4333,272
4334,726
4335,2689
4336,867
4337,389
4338,3501
4339,3477
4340,2339
4341,1768
4342,1492
4620,1804
4344,2066
4345,3460
4346,3320
4347,3776
4348,503
4349,606
4350,3115
4351,3688
4352,2957
4353,2433
4354,2155
4355,2135
4356,2929
4357,2534
4358,3813
4360,2389
4361,417
4362,617
4363,3460
4364,2470
4365,3694
4537,3472
4367,3375
4368,3423
4369,1604
4370,3131
4371,1493
4371,1710
4372,144
6844,1579
4374,3844
4375,3786
4376,613
4377,841
4378,3694
4379,827
4379,310
4380,979
4381,3460
4382,1399
4383,3105
4384,2643
4385,1646
4386,2468
4387,284
4388,3619
4388,49
4389,1303
4390,2140
4391,30
4392,362
4393,341
4394,354
4395,2760
4396,3428
4397,226
4398,2957
4399,814
4399,945
4399,307
4399,2237
4401,547
4401,1928
4402,4
4403,3694
4404,3660
5524,3173
4406,3371
7092,2724
4408,1324
4409,3694
4410,503
4411,3471
4412,483
4413,1063
4413,193
4413,818
4414,3292
4415,618
4416,1594
4417,2233
4417,3314
4418,1268
4419,2445
4420,1836
4421,1082
4422,2152
4423,756
4424,389
4425,1025
7083,1867
4427,2862
4428,1521
4429,101
4873,2728
4431,211
5896,3592
4433,332
4434,3644
4435,209
4436,718
4437,3694
4438,597
4439,1855
4441,3460
4442,1873
4442,3662
4443,1066
4444,3456
4445,414
5291,2301
4447,3834
4447,2070
4448,1784
4449,776
4450,2914
4451,3658
4452,2754
4452,1739
4453,3694
4454,3490
4455,651
4456,2448
4457,3827
4458,2561
4459,665
7116,2407
4461,938
4462,3055
4463,827
4464,548
4464,3534
4465,2483
4466,3555
4467,2858
4468,1405
4469,1400
5227,2858
4471,1014
4472,2632
4473,760
4474,3694
4475,2596
4476,3446
4477,984
4478,3732
4479,1527
4480,1028
4615,2447
4482,930
4483,2554
5973,1526
5973,1521
4485,713
4487,2378
4488,1069
4489,2495
4490,3280
4492,2586
4492,1253
4493,3370
4494,1252
4495,3835
4495,3836
4497,1504
4498,1613
4499,3329
5036,2948
4501,835
4502,296
5925,2091
4504,2365
4505,330
4505,3220
4506,685
4507,3694
4508,2975
4509,2957
4510,3569
4511,511
4512,1713
4513,2865
4514,3214
4515,508
4516,3694
4517,3465
4518,225
7454,1330
7454,108
4520,3368
4521,2255
4521,1301
4522,3694
4523,713
4524,1890
4525,2231
4526,3525
4527,3694
4528,2592
4529,2247
4530,2468
4531,2298
4532,345
4533,1612
4534,261
4535,3136
4536,2050
4538,1126
4541,1123
4542,369
4543,2870
4544,3018
4545,3248
4546,3694
4547,435
4548,2471
4549,2830
4549,1186
4550,1587
4551,2703
4551,3647
4551,3168
4552,167
6125,479
4554,152
4555,479
4556,2371
4558,365
4558,1812
4559,243
4560,3694
4561,3614
4562,3214
4563,3811
4564,3745
4565,1234
4566,1928
4567,2051
4567,2755
4568,1493
4570,91
4571,184
4572,687
4573,3296
5600,2465
4575,3537
4576,2076
4578,2581
4579,1415
4581,191
4582,3694
4583,1778
4583,3330
4584,548
4584,2728
4585,518
4586,1575
4587,3214
4588,3114
4589,2942
4590,1200
4591,548
4592,3333
4593,2935
4594,9
4595,1794
5786,1542
4599,1803
4600,1579
6540,2156
4602,1458
4603,2468
4604,1975
4605,1521
4606,1305
4607,1489
4608,1167
4609,1064
4610,2469
4611,130
4612,2896
4613,985
4614,2064
4616,2927
4619,472
4621,903
4622,3672
4623,1614
4625,3603
4625,257
4625,889
4626,2714
4628,2872
4629,3469
4630,1304
4631,3647
4632,2989
4633,3579
4636,1606
4637,2851
4638,747
4639,3421
4640,420
4640,386
4641,1433
4642,1663
4643,548
4644,873
4645,2148
4646,2881
4647,3513
4648,2084
4649,1663
4650,998
4651,2804
4652,2469
4653,3629
4655,3533
7021,2392
4657,2476
4658,2616
4659,1781
4660,2153
4661,2470
4662,1392
4663,2585
4664,2529
4665,3581
4666,2135
4667,3694
4668,2467
4669,97
4669,3864
4670,3694
4671,1016
4672,3421
4673,2648
4674,423
4675,2403
4676,2406
4677,2278
4678,1928
4678,243
4679,820
4680,558
4681,2883
4682,2791
4683,1547
4684,2565
4685,2013
4685,302
4686,3199
4687,2490
4689,296
4690,3694
4691,982
4692,3131
4693,2480
4694,3436
4696,2565
4697,2084
4698,3199
4699,2901
4700,2212
4703,676
4704,3694
4705,1860
4706,1546
4707,1528
4708,1539
4708,3349
4709,3473
4710,231
4712,22
4713,1409
4714,2011
4715,2365
4716,1883
4717,3694
4718,3553
4720,1431
4721,682
4722,19
4724,3638
4725,457
4726,923
6471,561
4728,3114
4729,815
4730,3092
4731,783
4732,3826
4733,1016
4734,942
4735,2483
4736,732
4737,1383
4738,3436
4739,625
4740,254
4741,1812
4744,3214
4745,3694
4746,3554
4747,2554
4748,1443
4748,1310
4748,932
4749,2570
4750,1204
4751,2705
4753,2030
4754,3111
4755,1866
4755,1246
4756,2950
4757,3694
4759,1884
4759,482
4761,3263
4762,3131
4763,3683
4764,854
4765,3296
4766,1970
4769,2276
4770,1418
4771,2627
4772,163
4773,3051
4774,3662
4775,935
4777,2134
4778,2083
4779,608
4780,3446
4781,2299
4782,2723
4783,661
4784,2310
4785,1748
4786,3378
4787,2951
6427,2218
4789,741
4790,2083
4791,3694
4792,623
4793,91
4794,1536
4795,801
4797,2267
5180,2940
4799,24
4800,1368
4801,313
4802,408
4803,274
4804,2208
4805,1726
4806,2485
4807,1823
4808,46
4809,1798
4810,3662
4811,2124
4812,1330
4813,3662
4814,1881
4815,2065
4816,1652
4817,3057
4818,1510
4819,3694
4820,907
4821,2974
4822,1017
4824,2539
4824,150
4825,3113
4826,827
4827,529
4828,491
4829,2811
4830,1051
4831,2830
4832,1665
4833,3748
4835,907
4836,2921
4837,2978
4838,1141
6711,1883
4840,608
4841,694
4843,3867
4844,3056
4845,921
4846,1569
4847,3537
4848,3460
4849,2643
4850,31
4851,3172
5501,264
4853,3341
4854,2621
4855,2879
4856,442
4857,2504
6862,2493
4859,1356
4860,2305
4861,667
4862,305
4863,623
4864,2080
4865,1903
4866,1806
6141,3050
4868,537
4869,3702
4870,539
4872,1844
4874,205
4875,2579
4876,3629
4877,86
4878,92
4879,2073
4880,2435
4881,30
4882,1558
4883,2954
4884,1521
4884,2407
4884,3656
4885,2189
4886,732
4887,645
4888,2926
4889,1332
4890,2088
4890,457
4891,1642
6527,234
4893,2273
4894,1093
4895,2838
4895,1728
4896,2007
4897,3041
4898,50
4899,938
4900,2657
4901,2993
4901,2613
4902,3662
6133,762
4904,1523
4905,2504
4909,737
4911,2735
4911,2460
4912,90
4914,548
4915,131
4916,2441
4917,2790
4918,3404
4919,967
4920,2044
4921,2176
4922,3178
4922,3141
4923,2510
7036,2663
4925,2686
4926,3328
4927,60
4928,1085
4930,3341
4931,2001
4932,58
4933,3673
4934,3694
4935,369
4936,1889
4937,3692
4938,1163
4938,1952
4938,2479
4939,775
4940,3024
4941,2071
4942,93
4943,3136
4944,541
4945,62
4946,905
4947,2863
4948,1491
4949,718
4950,1163
4950,3224
4952,460
4952,2845
4953,2963
4954,2554
4955,1390
4956,9
4969,3810
4958,3525
4959,516
4960,778
4961,1016
4962,1123
4963,2925
4964,1000
4965,154
4966,3694
4967,316
4970,2398
4971,3694
4972,2745
4973,3602
4974,3015
4975,3851
4976,638
4977,1433
4977,1461
4977,199
4978,966
4979,1998
4980,2712
4981,2929
4982,3694
4983,951
4983,1947
4984,2143
4984,672
4985,290
4986,2686
4987,1726
4988,1682
4989,434
4990,1900
4991,1495
4992,299
4993,401
4994,2082
4995,3151
4996,3000
4997,3694
4998,3805
4999,1956
5000,1393
5001,1726
5002,2975
5003,2618
5004,2492
5004,767
5005,1316
5006,548
5007,2034
5008,3436
5009,1363
5010,1836
5011,3694
5012,3694
5013,3694
5014,3073
5015,3582
5015,3168
5016,1811
5017,3416
5018,2513
5020,2212
5021,1000
5023,2483
5024,3629
5025,3472
5026,2939
5028,3321
5029,3737
5030,3821
5031,1266
5032,626
5033,525
5034,2770
5035,396
5035,2929
5037,3368
6613,3837
7056,2957
5040,3256
5041,1230
5042,887
5043,262
5044,2654
5045,359
5046,1961
5047,2790
5048,2264
5049,2512
5051,3221
5052,2989
5053,412
5055,238
5058,3694
5059,2920
5060,3022
5061,2360
5062,856
7084,1033
5064,2643
5065,2014
5066,3589
5067,399
5068,2754
5068,1432
5069,2231
5070,3157
5071,1215
5072,826
5073,1740
5074,548
5075,2793
5076,2569
5077,3686
5078,2135
5079,720
5080,2133
5081,1726
5082,1155
5083,2700
5084,3130
5085,832
5086,2578
5086,2541
5087,2501
5088,2524
5089,1075
5090,2597
5091,2370
5092,1286
5093,316
5094,2619
5095,3056
5096,3435
5097,843
5098,3506
5099,1884
5100,370
5100,3281
5101,2278
5102,2776
5103,2294
5104,3579
5106,1220
5107,1555
5108,3605
5109,1027
5110,3753
5111,698
5112,3188
5112,1521
5114,3063
5115,1002
5116,1008
5117,1477
5118,2455
5119,3111
5120,317
5121,3354
5123,310
5542,911
5127,1459
5128,2858
5129,509
5132,1039
5133,957
6044,2370
5135,2139
5136,3265
5147,2743
5138,2422
5139,1956
5140,778
5141,3662
5142,2469
5143,2929
5144,288
5145,2702
5146,3665
5148,451
5149,3248
5149,835
5150,2162
5151,3713
5152,1527
5152,2145
5152,2082
5153,1468
5154,177
5155,3248
5156,148
5565,1532
5158,459
5159,900
5160,989
5161,2169
5162,2065
5163,2684
5163,2687
5164,719
5165,3470
5166,727
5167,604
5168,1272
5169,624
5170,1911
5171,3168
5172,1026
5173,2013
5173,547
5174,2996
5175,2054
5176,1681
5177,2749
5178,3694
5179,3694
5182,2751
5183,3016
5183,827
5184,3293
5185,725
5185,3097
5186,78
5188,2692
5189,2944
5190,3058
5191,607
5191,1854
5192,3755
5192,2077
5193,653
5194,1346
5195,2437
5196,2040
5197,1520
5198,3208
5199,1260
5200,432
5201,985
5201,1932
5202,2664
5203,3694
5204,91
5205,3802
5206,3621
5207,408
5208,3216
5209,3840
5209,67
5211,1562
5212,377
5214,417
5215,2107
5215,3437
5216,1664
5217,108
5219,3460
5220,3115
5222,1956
5223,1396
5224,547
5225,694
5226,3763
5228,3694
5229,2176
5230,3550
5230,1530
5231,611
5232,650
5232,2098
5233,815
5234,3694
5235,13
5236,2924
5237,3327
5238,3067
5239,3381
5240,2684
5241,3286
5242,2691
5243,1247
5244,3460
5245,1156
5246,1681
5246,2060
5247,1017
5248,1211
5249,3694
5251,520
5252,3082
5253,3662
5254,22
5255,3262
5256,1829
5257,2784
5258,3271
5259,365
5260,3798
5261,3568
5262,3694
5263,3694
5264,982
5266,3447
5267,1870
5268,3499
5269,1779
6976,665
5272,3391
5273,1642
5274,1262
5275,2005
5276,3851
5277,847
5278,1786
5279,3743
5280,442
5281,211
5282,2345
5283,1458
5284,2905
5285,1463
5285,1710
5286,3595
5287,3648
5288,1431
5289,2600
5290,84
5292,2868
5293,646
5294,3694
5295,2381
5296,2534
5297,423
5299,915
5300,1805
5301,1099
5302,3694
5303,1457
5304,3139
5305,462
5306,2858
5307,2227
5308,3034
5309,3446
5310,1312
5311,2113
5312,2467
5312,1860
5313,3634
5314,1760
5315,2756
5316,3651
5317,2578
5317,2541
5318,303
5319,2976
5320,3366
5321,2795
5322,2863
5325,3512
5326,2532
5327,958
5328,2887
5329,2260
5330,811
5331,2504
5332,95
5333,1429
5334,3664
5335,1054
5336,3862
5336,3790
5336,310
5337,1894
5338,3214
5339,1560
5340,3161
5341,2231
5342,806
5343,1165
5344,3223
5345,3213
5346,1728
5347,2727
5349,431
5351,1017
5352,1685
5353,594
5354,327
5355,3562
5356,3327
5357,2125
5358,3755
5359,2141
5360,2733
5361,3694
5362,1640
5363,3440
5364,820
5365,296
5366,1408
5367,1805
5923,1726
5369,3038
5370,587
5371,2940
5371,1726
5372,1350
5373,1533
5374,1013
5375,2821
5376,3344
5377,316
5378,1374
5379,3272
5381,569
5382,678
5383,911
5384,3581
5385,3493
5386,121
5387,2365
5388,1292
5389,909
5390,621
5391,98
5392,550
5392,2315
5392,3155
5394,2386
5395,957
5396,2006
5397,266
5398,2170
5399,2852
5399,2031
5400,867
5401,2863
5402,3694
5403,1561
5404,3567
5405,2975
5406,2858
5406,1827
5407,111
5408,2407
5409,3214
5410,84
5411,569
5412,3677
5413,3114
5414,3368
5415,1273
5416,339
5417,1398
5419,3589
5420,2203
5421,737
5422,240
5423,1669
5424,3837
5424,1011
5425,53
5426,2074
5427,517
5428,2063
5429,641
5430,3694
5431,3242
5432,3617
5433,17
5434,1130
5435,1971
5436,3821
5437,3472
5438,1518
5439,3694
5440,705
5441,2508
5442,1966
5443,2251
5444,766
6738,2218
5446,3020
5447,110
5448,2243
5449,339
5450,985
5450,1726
5451,3040
5452,3831
5454,3862
5454,3850
5455,651
5456,292
5457,2767
5458,2643
5459,2745
5460,310
5461,2850
5462,3691
5463,667
5464,2937
5465,3537
5466,305
5467,316
5468,2296
5469,79
5470,139
5471,2974
5472,339
5473,3208
5474,2937
5476,3018
5477,3145
5479,1570
5480,39
5481,3395
5482,324
5483,2201
5485,1625
5486,1316
5487,97
5488,1180
5489,1094
5490,981
5490,3774
6789,650
5492,2749
5493,2205
5494,2095
5495,713
5496,3389
5497,646
5498,205
5499,1784
5502,824
5503,2129
5504,768
5505,3627
5506,1376
5507,1395
5508,2970
5509,394
5510,516
5511,3198
5512,341
5513,1139
5514,3698
5515,2745
5517,3460
5518,2260
5519,3013
5521,2603
5522,2813
6802,569
5525,79
5526,2924
5527,652
5528,3651
5529,382
5531,1983
5532,3067
5533,3694
5534,3497
5535,238
5536,1745
5537,3172
5539,1940
5540,1860
5543,3694
5544,2360
5544,1610
5545,2604
5546,1653
5547,1126
5549,1356
6903,3662
5552,3041
5553,3812
5554,1867
5555,3488
5556,1210
5557,1975
5558,3693
5559,2499
5560,3694
5561,1418
5563,373
5564,2113
5566,575
5567,404
5568,650
5569,3694
5570,1607
5571,3499
5572,1977
5573,2409
5573,3853
5574,742
5575,544
5576,2511
5577,3694
5578,2110
5579,130
5580,2226
5581,3048
5582,1782
5583,667
5584,1819
5585,851
5586,2578
5586,2541
5587,1847
5841,843
5589,3694
5590,2471
5591,2138
5591,867
5592,510
5593,2166
5594,936
5595,2858
5596,3694
5597,517
5598,2104
6442,246
6442,245
6442,2910
5601,1856
5601,701
5602,2808
5603,2724
5604,455
5605,3683
5606,843
5607,3694
5608,732
5610,985
5611,2733
5612,1237
5613,1619
5613,2657
5613,827
5614,2810
5615,226
5616,365
5617,1168
5618,3682
5619,937
5620,3296
5621,3409
5622,1017
5624,1145
5625,1801
5627,1056
5628,966
5629,754
5630,3368
5631,554
5633,665
5633,1710
5634,1808
5635,3694
5636,451
5637,911
5638,1974
5639,3847
5640,616
5641,2231
5642,2692
5643,2643
5644,3291
5645,1186
5646,2503
5647,1090
5648,1833
5649,2019
5650,3582
5651,272
5653,490
5654,1820
5655,3248
5656,3074
5657,1922
5658,2223
5659,3380
5660,1576
5661,1402
5663,3095
5664,690
5665,2390
5666,3286
5667,3354
5668,2938
7277,1785
5670,2028
5670,2105
5671,3133
5672,459
5673,2928
5674,2193
5675,3733
5675,1230
5675,2156
5676,609
5677,3237
5679,3756
5681,2041
5682,3257
5683,1443
5684,339
5685,1040
5686,2724
5687,2991
5688,2851
5688,1615
5689,3694
5690,2733
5690,1434
5691,3320
5692,3589
5693,3162
5694,842
5695,1071
5696,3157
5697,3243
5698,1125
5699,343
5700,205
5701,1094
5702,3036
5703,3064
5704,1130
5705,3172
5706,53
5707,146
5708,2144
5709,2953
5710,2645
5711,1045
5712,2076
5713,1089
5714,1042
5715,3740
5716,2848
5717,3557
5718,3598
5719,1883
5720,736
5721,2746
5722,244
5723,2610
6658,711
5725,160
5726,3821
5727,3705
5728,861
5729,3694
5730,2504
5731,2633
5732,3694
5733,1579
5734,3769
5735,656
5736,2160
5737,3694
5738,3740
5739,3695
5740,2470
5741,1495
5742,787
5743,2745
5744,1046
5745,3214
5746,3283
5747,3694
5748,3650
5749,1226
5750,389
5751,498
5753,732
5754,1773
5755,2201
5756,1332
5757,1017
5758,62
5759,2145
5759,2829
5761,3711
5763,1878
5764,2370
5765,3547
5766,1629
5767,2427
5768,286
5769,3694
5772,1588
5773,293
5775,3694
5776,365
5777,3694
5779,1085
5780,2675
5781,2749
5782,2084
5783,331
5784,2469
5785,3694
5787,2091
5788,887
5789,2200
5792,2195
5793,500
5794,276
5795,2733
5796,3435
5797,1716
5798,1555
5799,3445
5800,3318
5801,1351
5802,1042
5804,3573
5805,2159
5806,2163
5807,1523
5808,3495
5809,2874
6114,302
5811,1829
5812,2600
5813,2837
5814,3
5815,2497
5816,1265
5817,301
7443,1537
5819,864
5821,455
5822,2059
5823,905
5824,2045
5825,1496
5827,1017
5828,3694
5830,711
5831,317
5832,2109
5833,2381
5834,292
5835,2545
5836,793
5837,3460
5838,548
5838,2858
5838,1563
5839,1153
5840,2431
5840,1881
5842,2531
5842,3402
5843,1772
5844,1602
5845,1029
5846,3032
5847,3536
5848,1534
5849,196
6981,1986
5851,1368
5853,1598
5854,1539
5855,3206
5856,365
5857,2483
5858,700
5859,489
5860,2260
5861,3435
5862,2187
5862,3403
5863,1812
5864,2859
5867,215
5868,3809
5868,750
5869,2398
5870,2763
5871,3299
5872,3319
5874,3582
5875,1883
5876,1474
5877,3679
5878,3849
5878,1332
5878,1812
5879,1800
5880,2634
5881,3694
5882,1686
5883,1052
5884,2145
5885,3694
5886,1421
5887,3694
5888,1270
5888,560
5889,3471
5890,228
5891,3376
5893,193
5894,1418
5895,2288
5897,3516
5898,3439
5899,1316
5900,457
5901,2949
5902,827
5903,3421
5904,1912
5905,3619
5905,1486
5906,1436
5907,2253
5908,3604
5909,2678
5910,2375
5911,2475
5912,3099
5913,479
5914,2719
5915,598
5916,108
5918,550
5918,985
5919,2260
5919,957
5920,1418
5921,682
5924,1540
5926,2919
5927,3694
5928,1186
5929,208
5930,1409
5931,2022
5932,167
5932,3570
5932,1565
5933,1433
5934,2145
5934,3247
5935,369
5936,1581
5937,1180
5938,3589
5939,2847
5940,198
5941,3673
5942,1635
5943,1087
5944,1002
5945,3359
5946,3079
5946,3080
5947,431
5948,957
5950,2104
5952,1982
5953,3029
5954,1764
5956,1826
5957,3293
5958,1637
5959,1
5960,739
5961,2957
5962,948
5963,389
5964,1275
5965,1101
5966,2226
5967,3694
5968,1627
5969,473
5970,2269
5971,2673
5972,1230
5974,586
5976,1223
5977,3794
5977,1194
5978,2087
5979,1903
5980,2465
5981,991
5982,2580
5983,1994
5984,957
5985,2343
5986,3481
5987,699
5988,2472
5989,1139
5990,2850
5991,1334
5992,1660
5993,340
5994,1860
5995,3015
5996,24
5997,315
5997,1934
5998,3631
5999,2346
6000,3138
6001,3182
6002,2262
6003,201
6004,1559
6005,461
6006,3162
6008,1521
6009,3172
6010,30
6011,2664
6012,2135
6013,521
6014,2914
6015,3285
6016,1726
6016,590
6017,1186
6017,1780
6018,1320
6019,3663
6020,846
6021,2863
6022,92
6023,198
6025,1236
6026,1172
6027,2675
6028,2934
6029,717
6030,2140
6033,2643
6034,3339
6036,2970
6037,2761
6038,3694
6039,1655
6040,2940
6041,2867
6042,3852
6042,2657
6042,743
6043,1726
6045,3425
6046,2260
6047,2703
6048,1782
6049,2858
6050,1402
6051,3763
6052,3401
6053,527
6054,893
6055,2652
6056,1997
6057,3200
6058,3124
6059,3694
6060,2282
6061,385
6062,786
6062,1726
6063,1557
6064,930
6065,3341
6066,2708
6067,518
6068,478
6069,1710
6070,1116
6071,436
6072,3696
6763,2282
6074,3743
6075,3365
6076,535
7215,3589
6078,3694
6079,1260
6081,3131
6082,3243
6083,925
6084,515
6085,1706
6086,1908
6087,3122
6088,3545
6089,2796
6090,3694
6091,186
6092,1527
6092,2070
6093,3203
6094,3694
6095,3694
6096,1153
6097,190
6098,3583
6099,2561
7342,1415
6101,2425
6102,2536
6103,3262
6104,1017
6105,53
6106,2240
6107,3605
6108,3686
7387,903
6110,1746
6111,598
6111,1780
6112,1001
6113,416
6115,2497
6116,2375
6117,1506
6118,685
6118,2728
6119,3215
6120,922
6816,2177
6122,3581
6123,6
6124,2745
6126,2128
6127,1576
6128,383
6129,2707
6129,2914
6130,2091
6131,126
6132,1330
6134,1965
6135,1173
6137,3410
6138,478
6139,1785
6140,820
6142,606
6143,929
6144,2044
6145,144
6146,3745
6147,1630
6148,2929
6149,1808
6150,1090
6151,2763
6152,2135
6153,3127
6154,790
6155,843
6156,136
6157,2151
6158,1254
6160,2092
6160,3541
6161,3552
6162,1088
6163,2906
6164,408
6165,1915
6166,1384
6167,3694
6169,1903
6170,3072
6170,1018
6171,2094
6172,444
6173,73
6174,310
6175,599
6176,777
6177,569
6180,54
6181,1096
6182,952
6183,3446
6184,2783
6185,3020
6186,1523
6187,3620
6188,2692
6189,980
6190,187
6191,88
6192,2860
6193,3764
6193,1621
6194,2136
6195,156
6196,408
6197,2793
6198,820
6199,2197
6200,330
6201,2763
6202,2319
6203,2722
6204,2091
6205,2370
6206,3045
6207,3157
6298,1793
6209,3849
6209,2138
6209,3686
6210,3195
6211,2569
6212,2379
6213,2695
6214,3579
6215,2241
6215,592
6215,3832
6216,3662
6217,2314
6218,238
6219,936
6220,1238
6221,923
6222,3117
6223,1303
6224,2763
6225,310
6225,922
6226,344
6227,3201
6228,3773
6229,410
6229,3134
6230,923
6231,3341
6232,3197
6233,2318
6234,3694
6236,2276
6237,713
6238,1128
6239,1860
6240,948
6241,16
6241,3858
6242,2407
6243,3588
6244,753
6244,993
6245,1786
6246,2948
6247,3276
6248,3694
6249,413
6250,452
6252,3096
6253,2721
6254,316
6255,1884
6257,597
6257,2858
6258,2858
6258,867
6259,2551
6260,1884
6260,205
6261,2597
6262,675
6263,759
6264,3104
6265,506
6266,827
6267,3816
6268,3264
6269,1464
6270,2696
6271,3184
6272,2618
6273,505
6274,1991
6275,1465
6276,3173
6277,3464
6278,1316
6279,21
6280,220
6281,696
6282,1418
6283,1076
6284,3627
6285,1847
6286,1474
6287,3154
6289,1912
6290,3669
6291,2370
6292,3266
6293,2206
6294,3522
6294,2171
6295,2397
6296,2370
6297,3537
6299,1126
6881,2351
6302,500
6303,1025
6304,1517
6305,3723
6306,3063
6307,1123
6308,720
6309,1153
6310,3046
6311,3315
6312,3279
6313,1966
6314,1364
6315,3694
6316,3076
6316,2024
6317,491
6318,1267
6319,685
6320,1237
6321,957
6322,126
6323,1470
6324,3694
6325,21
6326,1428
6327,3443
6328,1448
6329,3229
6330,3702
6331,3016
6332,2071
6333,253
6334,2761
6335,2552
6336,792
6337,702
6338,2643
6339,3143
6340,6
6342,1829
6344,3755
6345,18
6346,807
6347,3014
6347,3580
6347,590
6348,2654
6349,3342
6350,2135
6351,3694
6352,3013
6353,1988
6354,1443
6354,1310
6354,932
6355,3013
6356,1684
6357,2598
6358,2084
6359,1138
6360,3398
6361,3240
6362,1136
6363,3694
6364,1479
6365,961
6366,2619
6367,1614
6368,3160
6369,2100
6370,2584
6371,2994
6372,1561
6373,3070
6374,2986
6375,3663
6376,1298
6377,2189
6378,692
6379,1701
6380,1642
6381,3623
6382,1452
6382,1103
6383,3807
6384,536
6385,2800
6385,3595
6386,827
6444,531
6388,2045
6389,623
6390,2350
6391,1733
6392,2754
6393,3672
6394,1422
6426,2619
6396,1805
6397,1248
6399,2478
6400,1925
6401,3781
6402,2178
6403,1297
6404,1726
6405,3629
6406,827
6406,192
6407,2873
6408,1198
6408,2060
6409,2754
6409,827
6409,607
6410,979
6411,2361
6413,71
6414,462
6415,439
6416,1655
6417,3419
6418,2587
6419,2041
6420,3525
6421,339
6422,3179
6423,3420
6424,1514
6425,916
6425,704
6428,608
6429,1445
6430,2914
6431,1112
6432,3177
6863,308
6434,732
6435,3605
6435,268
7415,2022
6437,1805
6439,3475
6440,3270
6441,913
6443,1662
6443,3273
6445,3651
6446,1141
6447,517
6448,1425
6449,3051
6450,1151
6451,2778
6452,1431
6453,1584
6454,2585
6455,1706
6456,2368
6457,2410
6458,3620
6459,1747
6460,2140
6461,1320
6462,3474
6463,3859
6464,1872
6465,1017
6466,478
6468,3248
6469,1751
6470,2372
6472,3591
6473,2212
6474,957
6474,182
6475,2138
6475,192
6476,2571
6477,1694
6478,2850
6479,2569
6480,497
6481,2398
6482,1394
6483,2692
6485,102
6486,2658
6487,828
6488,2084
6489,324
6490,2483
6491,2546
6492,3261
6493,3694
6494,2474
7406,3689
6496,3392
6497,1552
6498,3044
6499,1889
6499,583
6500,484
6501,455
6502,291
6503,1812
6503,911
6504,477
6505,276
6506,3694
6507,1496
6509,678
6510,3271
6511,700
6512,18
6513,2067
6514,1303
6515,3268
6516,698
6517,3218
6518,365
6519,2348
6520,406
6523,3494
6524,405
6526,2420
6528,985
6529,3625
6530,616
6539,1283
6532,1040
6533,2274
6534,3683
6535,2946
6536,2360
6537,2456
6538,2260
6541,1561
6542,2946
6543,2639
6544,1731
6545,1126
6546,439
6547,2405
6548,1913
7275,2728
6550,1523
6552,2047
6552,686
6553,1545
6554,300
6555,2052
6557,205
6557,1637
6558,450
6559,1391
6560,1435
6561,1431
6562,302
6563,2991
6564,3417
6565,1145
6566,2137
6567,436
6568,564
6569,3472
6570,559
6571,3536
6572,3168
6572,1812
6619,702
6574,3473
6575,2740
6576,2551
6577,2316
6577,2224
6579,126
6580,3753
6581,2804
6582,3806
6583,3357
6584,3028
6585,3851
6586,895
6587,303
6588,1691
6589,3420
6590,2701
6591,681
6592,287
6593,2618
6593,3132
6594,939
6596,295
6597,1469
6598,2880
6599,1579
6600,1521
6602,810
6603,2486
6604,1599
6605,2364
6606,2733
6608,50
6609,1385
6712,2902
6611,1692
6612,3846
6615,3639
6616,3694
6617,3830
6617,3839
6618,1388
6620,1949
6621,3016
6622,2135
6624,2864
6625,418
6626,302
6626,107
6627,2084
6628,3601
6629,703
6630,442
6631,2643
6632,2287
6633,827
6634,1789
6635,28
6636,316
6637,2745
6638,2484
6639,1853
6640,3308
6641,145
6642,667
6643,3240
6644,2667
6645,2449
6646,2534
6647,3028
6648,999
6649,1772
6650,3497
6651,3485
6652,3694
6653,1272
6654,2871
6655,629
6656,1030
6657,1363
6659,1965
6660,3044
6661,374
6662,84
6663,1559
6664,3173
6806,1976
6666,505
7050,3016
7050,3777
6668,3272
6670,1289
6671,2800
6672,3016
6673,2913
6674,2629
6675,3095
6676,1858
6676,2248
6677,1908
6678,3584
6679,1329
6680,316
6681,713
6682,486
6683,3748
6684,940
6685,2102
6686,2230
6687,3694
6688,1136
6689,1760
6690,550
6691,1469
6692,1320
6693,3685
6695,3572
6696,525
6697,843
6698,2962
6699,488
6700,2733
7158,1514
6702,1516
6703,722
6704,742
6705,1772
6706,1502
6706,2246
6707,2150
6708,714
6709,2143
6709,3647
6710,874
6710,623
6713,1200
6714,3777
6715,3647
6716,3440
6717,2450
6718,2424
6719,3171
6720,516
6721,1013
6722,735
6723,3368
6724,3694
6725,1812
6726,1060
6728,3694
6729,3531
6730,3503
6732,56
6733,1708
6734,3495
6735,1251
6736,3136
6737,3381
6739,1262
6740,721
6741,843
6742,3216
6743,2724
6744,1492
6745,3037
6746,3017
6747,1446
6748,3384
6749,3828
6750,3077
6751,3844
6752,1624
6753,740
6754,2685
6755,2395
6756,2362
6757,1559
6758,90
6759,356
6760,2391
6761,2850
6762,1299
6764,3438
6765,2348
6766,979
6767,1411
6768,1609
6770,3619
6770,49
6771,106
6772,2633
6773,3694
6774,843
6775,1629
6776,2539
6776,906
6776,1755
6777,1771
6778,2251
6779,2637
6780,2878
6781,2483
6782,2370
6783,161
6784,2974
6785,59
6786,2652
6787,1080
6788,2084
6790,539
6791,1812
6791,911
6793,1986
6794,2758
6795,2993
6796,457
6797,3365
6798,352
6799,3622
6801,3694
6803,3482
6804,3694
6805,1978
6807,2376
6808,2138
6808,1749
6809,153
6810,448
6811,2470
6812,3838
6813,3210
6814,1175
6815,1751
6817,1267
6818,1350
6819,1874
6820,1276
6821,3399
6822,980
6823,399
6824,2624
6825,608
6826,1912
6827,566
6828,275
6829,2570
6830,2749
6831,1995
6832,3694
6833,901
6833,506
6834,2553
6835,3054
6835,2483
6835,2957
6836,2210
6837,2481
6838,2733
6839,2572
6840,550
6841,622
6842,1736
6843,1236
6846,2962
6847,3181
6848,3694
6849,1332
6850,3854
6850,2742
6851,1933
6852,2050
6853,1303
6854,780
6855,1811
6856,1884
6856,482
6857,1668
6858,2152
6859,2551
6860,408
6861,2522
6864,1139
6865,3115
6867,949
6868,2542
6869,1183
6869,951
6870,1636
6871,1566
6873,2270
6875,1013
6875,3850
6876,1595
6877,590
7013,3041
6879,2597
6880,1965
6883,1016
6884,3348
6885,1430
6887,3135
6888,762
6888,146
6889,3178
6890,2419
6891,3460
6892,3295
6893,2398
6894,52
6895,2800
6895,1492
6896,2808
6897,444
6898,3694
6899,933
6900,696
6901,2214
6902,3694
6904,1402
6905,2913
6906,2793
6907,820
6908,3479
6909,2699
6910,1621
6910,2888
6911,2659
6912,3708
6913,1130
6914,1505
6915,3693
6917,2850
6918,3694
6919,820
6920,3460
6921,985
6921,2800
6922,3290
6923,3500
6924,2840
6925,2965
6926,2375
6928,3145
6929,1938
6929,1454
6931,3463
6932,3094
6933,684
6934,1751
6934,1950
6935,3694
6936,3335
6937,1732
6938,2290
6939,2453
6939,2404
6940,2057
6942,2337
6943,2738
6944,124
6945,2940
6945,3837
6947,1102
6948,860
6949,2812
6950,3158
6951,2135
6951,2200
6952,3667
6953,338
6953,2036
6954,896
6955,553
6956,3246
6957,2917
6958,3738
6959,3532
6960,3716
6961,2692
6963,3624
6964,1003
6964,548
6965,859
6966,205
6966,2260
6966,1889
6967,2905
6967,1726
6968,1902
6970,557
6971,459
6972,2582
6973,1345
6975,2499
6977,260
6978,2630
6979,1311
6980,2871
6982,1316
6983,168
6984,1772
6985,3803
6986,3720
6987,2291
6987,1389
6988,378
6989,1726
6989,409
6991,419
6992,3172
6993,1139
6994,1118
6995,3694
6997,192
6997,1975
6998,3244
6999,2218
7000,948
7001,3251
7002,3150
7003,2490
7003,522
7004,3422
7005,832
7006,565
7007,1551
7009,1912
7010,2010
7011,308
7012,2961
7012,1492
7014,3694
7015,1001
7016,2004
7017,2561
7018,3491
7019,1176
7020,3322
7020,819
7022,2567
7023,2320
7024,2186
7025,3074
7026,258
7027,2307
7028,130
7029,1809
7030,962
7031,3694
7032,1503
7033,3629
7035,2209
7037,3018
7038,686
7039,373
7040,739
7041,888
7042,3537
7044,2619
7045,3149
7046,3221
7047,3086
7048,2931
7049,3730
7051,3631
7052,1975
7053,3525
7054,2996
7055,530
7057,827
7057,2957
7058,3647
7059,3397
7060,615
7061,192
7062,1533
7063,2170
7064,1964
7065,2840
7066,3095
7067,877
7068,310
7069,948
7070,3789
7071,2249
7072,192
7073,3522
7074,3685
7075,2971
7076,985
7077,3694
7078,2477
7079,2483
7080,3016
7082,3694
7085,1193
7086,820
7087,1017
7088,1293
7089,1206
7090,517
7091,3753
7094,3694
7096,192
7097,1031
7098,2601
7099,711
7100,2386
7102,368
7103,2440
7104,2940
7105,1568
7106,6
7107,3694
7109,3696
7110,2520
7111,1738
7112,2204
7113,811
7114,762
7114,2914
7115,1191
7117,35
7118,2407
7119,396
7121,3431
7122,258
7122,2914
7123,3576
7124,1476
7124,2993
7124,906
7125,3694
7127,2651
7128,1505
7129,1333
7129,1608
7131,1303
7132,534
7133,1187
7134,1881
7135,697
7136,2485
7137,1690
7138,3495
7139,939
7140,3440
7141,1990
7142,461
7143,1303
7144,2948
7145,3528
7146,241
7146,206
7146,1216
7148,2597
7149,1627
7150,2190
7151,446
7152,2173
7153,180
7154,1521
7155,922
7156,2432
7157,184
7159,478
7160,3809
7160,750
7161,1123
7162,1944
7163,3460
7164,3131
7165,47
7165,3446
7166,1892
7167,1316
7168,2258
7169,279
7170,1698
7171,547
7172,229
7173,3421
7174,3694
7175,1400
7176,1139
7177,1217
7178,3313
7179,1497
7180,2524
7181,2286
7182,3143
7183,2557
7184,809
7185,1681
7186,1200
7187,1160
7188,1418
7189,2222
7190,173
7190,1119
7191,3564
7192,3752
7193,1681
7194,2567
7195,1782
7196,3160
7197,1736
7198,1410
7199,256
7200,2284
7201,883
7202,2511
7203,310
7204,3694
7205,2589
7206,2744
7207,1261
7208,3143
7209,1079
7210,1487
7211,611
7212,1858
7212,2914
7213,419
7214,3364
7214,2260
7216,1975
7217,1376
7218,2578
7218,2541
7219,2407
7220,161
7221,550
7222,908
7223,2215
7225,2222
7226,3337
7227,1329
7228,1642
7229,2948
7230,3168
7230,123
7231,1839
7232,713
7233,1017
7234,2470
7235,907
7236,1073
7238,343
7239,2672
7240,1962
7241,58
7242,1098
7243,1721
7244,3743
7245,2176
7246,2892
7247,2095
7248,1479
7249,238
7250,1200
7252,2756
7253,1438
7254,251
7255,3323
7256,2145
7257,1440
7258,472
7259,947
7260,3864
7261,2366
7261,1106
7262,3306
7263,3587
7264,2385
7265,2624
7266,963
7268,408
7269,2630
7270,475
7271,1409
7272,1256
7276,18
7278,3792
7279,1728
7280,2665
7281,480
7282,3088
7283,2554
7284,1016
7285,3242
7286,1364
7287,731
7288,3599
7289,3204
7291,2856
7292,123
7293,1492
7294,2321
7296,1979
7297,1628
7298,2626
7299,1351
7300,3776
7301,613
7302,623
7303,3686
7304,1858
7305,2673
7306,3694
7308,3294
7309,2508
7310,3694
7311,3131
7312,3545
7313,3347
7314,1220
7316,1170
7318,1907
7319,3326
7320,1777
7321,2679
7322,1352
7322,474
7323,3695
7324,1267
7326,219
7327,2875
7328,2224
7329,2840
7329,1681
7330,209
7330,3640
7331,3538
7332,1484
7333,3507
7334,3645
7335,2601
7337,2313
7338,1726
7339,3195
7340,2963
7341,3694
7343,3539
7344,936
7345,322
7346,3189
7347,3694
7348,2393
7349,1695
7350,213
7351,597
7351,3647
7352,3694
7353,1757
7354,3169
7355,3689
7356,373
7357,1883
7359,2135
7360,2558
7361,2416
7363,2687
7364,606
7365,3694
7366,365
7367,3673
7368,3753
7369,1425
7370,585
7371,2045
7372,2112
7373,2694
7374,1829
7375,979
7376,42
7377,3271
7378,178
7379,3776
7380,3102
7381,1419
7382,1418
7384,1262
7385,3769
7386,2749
7388,2231
7389,2266
7390,1958
7391,1898
7392,2988
7393,2595
7395,3598
7396,2329
7397,3492
7398,2473
7399,3446
7400,2734
7401,1426
7402,485
7403,1113
7404,1090
7405,1800
7407,3786
7408,608
7409,513
7410,413
7411,2858
7412,2029
7413,1946
7413,623
7414,3415
7416,113
7416,730
7417,963
7417,1281
7419,3034
7420,928
7421,3662
7422,1875
7423,3664
7424,1143
7425,3121
7426,2543
7426,3255
7427,3095
7428,1862
7429,346
7429,1517
7430,1787
7431,3694
7432,2526
7433,1202
7434,1642
7435,2671
7436,626
7437,549
7437,999
7438,422
7439,221
7440,1547
7441,1298
7444,1915
7445,97
7446,2138
7446,302
7447,2512
7448,3575
7449,92
7450,1492
7451,2840
7452,2937
7453,1929
7455,436
7456,304
7457,2511
7458,1042
7459,2143
7459,1529
7461,2733
7462,341
7463,1000
7464,98
7465,673
7466,333
7468,1547
7469,3694
7470,3153
7471,2321
7472,2554
7472,1473
7473,2477
7474,1578
